target_month,et__control,et__clf_expdec,et__clf_top_minus_bottom,et__clf_argmax,lgbm__control,lgbm__clf_expdec,lgbm__clf_top_minus_bottom,lgbm__clf_argmax
2021-01-31,-0.06703828632346097,-0.1764444600059852,-0.09951508481544703,-0.02251717029890639,-0.056423528931509426,-0.10902380168652465,-0.019482052929357778,0.03154075650111532
2021-02-28,-0.2520263582945923,-0.23563781518008164,-0.18769982543295424,-0.178961696119735,-0.30143526315398267,-0.24144741341535506,-0.16529757646753646,-0.17992536998123132
2021-03-31,0.06087111533783647,0.10928925057145504,-0.03364551025452438,-0.04857208000343458,0.07235555000191655,0.08944127585200835,-0.0655114129810436,-0.024395045869897568
2021-04-30,0.1405529346557757,0.13460052078959867,0.10933651709017943,0.1556964313094947,0.1385873950929608,0.13454874644799883,0.12101149744029596,0.13095057033190746
2021-05-31,-0.045775640614790565,-0.015251925587852473,-0.04941354324624926,-0.07581305875929728,-0.02657714880707633,0.0009449130732807377,-0.04112136584830038,-0.005447897433192127
2021-06-30,0.08936230638866413,0.03420817604107932,0.06485571737620241,0.13410810697560624,0.10631776725802154,0.07737020771561547,0.11896021416383916,0.10014484456146193
2021-07-31,0.3730114730457653,0.431861795830497,0.33918043580031865,0.3247915271853486,0.37029638190884645,0.38828554111738117,0.2540732588107305,0.26258262279594613
2021-08-31,0.06307822815867871,0.029471687181566522,0.028359036735924475,0.07117615624967816,0.03883314185860223,0.06097932158183821,0.04347994920742713,0.11444764257793627
2021-09-30,-0.06847817753010013,-0.08759773608739281,-0.02719506934308003,-0.0850439072305419,-0.10555906717988094,-0.1002692122440617,-0.08030220249502576,-0.04799245874741886
2021-10-31,0.09399000280579109,0.11126081579451401,0.052733381485997474,0.07676376364345819,0.0974373759548761,0.11507574231570085,0.057403373107755305,0.06405465265467586
2021-11-30,0.10059086556179875,0.11458219315099347,0.06900154856931796,0.056232657890203805,0.09657061441104564,0.090283623450041,0.05075482707554705,0.012142247075619363
2021-12-31,0.10939158194231667,0.13959338143194333,0.046296459065562755,0.05226501675003737,0.10539496963968867,0.119842464984735,0.030989998361490086,0.034086652459058744
2022-01-31,0.0023338182921118656,0.04655242152396854,0.04386824380850782,-0.0016510546371598237,-0.049971843080492004,-0.05085955173824765,-0.07279088571834395,0.008619188161663368
2022-02-28,-0.17891071325013302,-0.16049441212212381,-0.11285764208523759,-0.10348783286885566,-0.17778863151417648,-0.17448249151851203,-0.1349129184167925,-0.1030900187578456
2022-03-31,0.07656479140663759,0.04894333890104762,0.015436933614121122,0.06741083750867173,0.06973114698895444,0.020847193461811683,-0.02029684366916621,-0.014649675722131023
2022-04-30,0.012102172996121204,0.07591441234476584,0.056613290281125765,-0.03506715934126512,0.026217687514390436,0.018630143494278432,0.03327111025952351,-0.03940038243427531
2022-05-31,-0.03545967283781309,0.04154896703429121,-0.013661220993273776,0.0037483734453281205,-0.0395779567685324,0.006524319127994695,-0.014501777706100713,0.014735358200829588
2022-06-30,0.2720331081193156,0.23351559599851693,0.2785590177150943,0.20939255221493,0.2308195845307174,0.17580666583172344,0.18508109083023208,0.07004506309897952
2022-07-31,-0.05943461532213523,-0.09399426970280435,-0.07133511096354742,-0.033230145800041314,0.010021703600934241,0.053762768033585234,0.0452033300747393,0.014688951895926642
2022-08-31,-0.05069262846392734,-0.086753391438388,-0.01114583595884156,-0.03552106647478957,-0.05557779332534471,-0.12085828417621518,-0.0937363276279696,-0.039950112742949594
2022-09-30,0.16666994005930852,0.18156397464096993,0.17784504949957014,0.08923096083149157,0.1799735892656097,0.18416234825533867,0.13565931788955668,0.0487096871487161
2022-10-31,-0.160965612978425,-0.04477367245710859,-0.1343305503046933,-0.16094205468756245,-0.135105589498693,-0.06852203642597549,-0.12049307826004965,-0.12411048684763318
2022-11-30,-0.04296444808572529,0.012172365867183066,-0.07297730113897458,-0.08049139183670541,-0.06338308795116797,-0.040482906839963084,-0.08207879686948548,-0.08543410316129763
2022-12-31,0.10446776341733102,0.10890526879686202,0.11592755336043704,0.07723929297702069,0.05426756995953792,0.028715557929014594,-0.005276032568500191,0.004033234874224228
2023-01-31,-0.02471099869377685,-0.14599246741717234,-0.07467419862882144,-0.041192686479393316,-0.016229994969389396,-0.07603435198877555,0.03010526666075547,0.018227757318397302
2023-02-28,0.07081633064536277,0.10152951358081966,0.12840986128070772,0.09267855598210466,0.09715933800933904,0.10493679354837021,0.09326678261107842,0.07723815718125593
2023-03-31,0.3400584697719511,0.30807199742049785,0.23272432042612476,0.20229696370564595,0.3415801403857379,0.32874279773757487,0.16931917699523916,0.23197306753634148
2023-04-30,-0.020815530698200142,0.058032358037778696,0.05945163986525429,-0.00603788397694863,-0.025086483398010062,0.03852404266252715,0.050627682332491666,-0.01037124597185993
2023-05-31,0.1667281223782738,0.15157458076812683,0.1749594035393619,0.1394047556250473,0.18893104135690927,0.14892862672225354,0.12840456043571874,0.10049502452078893
2023-06-30,-0.059898687664995266,0.02803883720572373,0.017345119650094692,-0.026142418698641114,-0.035353861314557505,0.02149232820323365,0.014512933952662625,-0.008845062298300335
2023-07-31,-0.16679706547252574,-0.19634731777368333,-0.1753013018149016,-0.10586921749349988,-0.18664692522719092,-0.14184509192810435,-0.0625326387436533,-0.010648901680817727
2023-08-31,0.07008167257013027,0.23708478766839053,0.1660738710555812,0.10181099909422675,0.09478115253700574,0.2262071329882927,0.13764868981380055,0.10280902536004322
2023-09-30,-0.08636695142103942,0.059311538787886066,0.0017660025294869612,-0.04045069837815965,-0.06411549949752264,0.06083845472553747,0.05362899612514715,-0.006262467901543119
2023-10-31,-0.049775661385613665,0.020332496260325066,-0.06904779780137922,-0.05585564257890561,-0.04661032760038719,0.012650871249087288,-0.05441968066480703,-0.029280855450368366
2023-11-30,0.16571583782744456,0.05576278661022992,0.10089286775474103,0.05395632977191384,0.16579880783305753,0.05103305960605122,0.06155976548618338,0.022110822798305826
2023-12-31,-0.0244033585763236,-0.20717689021821947,-0.14479027112347398,-0.12037731572860323,-0.05630619717175722,-0.21780419363703432,-0.19030133046958833,-0.17277095672874457
2024-01-31,0.2203892579270301,0.28375817169465617,0.2308585384310177,0.14150864496940807,0.23193042299693756,0.2858403782644894,0.2145704119219905,0.18013904500164446
2024-02-29,0.11556630569848457,0.08965323825837955,0.05493652945173395,0.07724143293816457,0.10140281707583491,0.10588355736883012,0.040277286415692705,0.06690811912080925
2024-03-31,-0.10123886207706287,0.010386823702504303,-0.0003341031255687487,0.05444010451061768,-0.11216243656807633,-0.0074259246457660626,0.01577833273992034,0.02192122840582892
2024-04-30,-0.03031489100947174,0.028581166742633966,-0.014369132064646826,-0.008482740222588698,-0.02499364040323259,0.01946993254581575,-0.01016200201991156,0.040206261966020417
2024-05-31,-0.05914359870779392,-0.07508931051538956,-0.10147051885026383,-0.06606921479267228,-0.07877582456895395,-0.08063941948426441,-0.0813124963264487,-0.054296041989843585
2024-06-30,0.16465017606951046,0.09566778805748143,0.09060770132372482,0.048011777603241164,0.19814525291032192,0.12655811777424164,0.09405546591913255,0.05331290228974251
2024-07-31,-0.07711570876305254,0.009420297576020914,0.013791272884832992,-0.01719375602051988,-0.10704998612842988,-0.006972908724614784,0.034846664198807796,-0.023443946248017
2024-08-31,0.10990054281755778,0.11940678544694433,0.10841151112332889,0.05356738311029193,0.13520762519780002,0.125281597718374,0.0867487807525562,0.08925502622846425
2024-09-30,0.08457856737732303,0.05727669891679667,0.025090765459621914,0.04096801629943151,0.08206179318144684,0.04713888186732365,-7.127745227204579e-05,0.007757299130359213
2024-10-31,-0.043801308858773036,-0.004356779215013471,0.006790937828135539,0.03598494305424301,-0.02589412708096044,0.010817052069378488,0.022216562837226544,0.06430012543245618
2024-11-30,-0.0716301619969628,-0.08717664274297388,-0.061479812688241126,-0.0276712175744944,-0.08877364125553817,-0.0641704154064271,-0.018586587716480373,-0.010178944541279364
2024-12-31,0.07519050058109418,0.07458629089560101,0.10051286804217349,0.09987498241462993,0.10721133586578067,0.08672583460999193,0.11993645712917675,0.09118732877927291
2025-01-31,0.03508193046435464,0.016152345921337276,0.01738565695183316,0.040563183095588276,0.04435090940446184,0.04439130624461224,0.009600095772347944,0.07641776221666967
2025-02-28,0.16591664571634687,0.21721758294140708,0.1473420641130004,0.07268438066780877,0.1482565345551833,0.0945684931963937,0.06714292004960007,0.020195723374244634
2025-03-31,0.14478980234006067,0.18537371626312865,0.14281259798138257,0.16835233906965202,0.12183140443953422,0.11564177751930271,0.09972774163831062,0.08249120600018538
2025-04-30,-0.04942943839901684,-0.09322235641665394,-0.1061542041957306,-0.07084296107796535,-0.05003678590312772,-0.07836819196623934,-0.11530612313501805,-0.09496170871275374
2025-05-31,-0.059418982338562354,-0.11092355986171441,-0.1361613829873517,-0.031686761643040656,-0.037962009067301454,-0.08945620463878136,-0.1168899320709423,-0.008890839522962931
2025-06-30,-0.1376163838928932,-0.1844733299488691,-0.19479157492081742,-0.06277420726212948,-0.11382193575584423,-0.11498975364185937,-0.16691897014914714,-0.03445624652459876
2025-07-31,-0.11700911202443963,-0.1492608393010678,-0.17582049706251715,-0.0984745417168178,-0.12171463973157101,-0.16971652198934123,-0.15046127231688422,-0.07745423217030357
2025-08-31,-0.1005524371527504,-0.05954449647947868,-0.03934214328801207,-0.03617017330907817,-0.0912652524442647,-0.04017902319288077,-0.02784758035509684,-0.06851289644847836
2025-09-30,-0.03542102134666713,-0.0921905282453004,-0.12543648650864248,-0.05413523241252435,-0.04379960428632818,-0.0968943736664827,-0.1329364503588121,-0.05561645290946291
2025-10-31,-0.1651854021196835,-0.19753886154885825,-0.19522315817054733,-0.10586594271621429,-0.1714086161328783,-0.15961923962541846,-0.19540264930278403,-0.10599301373299408
2025-11-30,0.018704823142245947,0.04481979263614036,0.032921215898862675,0.030335647340221695,0.015437547255707057,0.00484657928678004,0.04607533597554354,0.010890827084411591
2025-12-31,0.04465896659308167,0.1026916948741266,0.08408405815238285,0.032587507705588936,0.05839518748816752,0.1121599037968287,0.09265953548214802,0.05957917094849689
2026-01-31,-0.08436291044490118,-0.03761957718673268,-0.07467381129227246,-0.05311891145416996,-0.08216807400000013,-0.05620694382074415,-0.0821644364227036,-0.05353279476352737
2026-02-28,0.01852773958807563,0.008383936994554265,-0.026037100741220322,-0.0635181831504256,0.01956675703614016,-0.013860743542181019,-0.020996940129640283,-0.06155436483604628
2026-03-31,-0.0541950319016721,-0.030669330467818827,-0.03625854511719045,0.008080797736533557,-0.04622841520772547,-0.03501016233284117,-0.059804666148954536,-0.00957991445068679
2026-04-30,-0.03506145850690267,-0.08006897483750283,-0.09801708005699107,0.04028962990114772,-0.05966881138823286,-0.08292733203015934,-0.08906455760139574,0.00488871746656243
2026-05-31,-0.09411567050248329,-0.17407154493082067,-0.14957445202705663,-0.10017099984735402,-0.13688935708070143,-0.1647727222007581,-0.14419008382606757,-0.06855079427984358
2026-06-30,0.008234340728377632,0.044544823767705584,-0.019468631540246376,0.02801526878060496,0.012285442607223257,0.02032654813002753,-0.041234877718731015,0.0018294534259979196
2026-07-31,0.20065488956914818,0.30579034471505445,0.3054139326179809,0.22877589981273067,0.23253879615078854,0.32056988666534414,0.3007294327103057,0.24283805693901142
2026-08-31,-0.06094711756522328,-0.08484048589129167,-0.05076090197807448,-0.05462029870756184,-0.0686020730662061,-0.03742312733868177,0.01631950931582042,0.02688769790536063
