target_month,port_excess_ret,long_leg_ret,short_leg_ret,gross_exposure,net_exposure,beta_exposure,betabab_exposure,max_abs_sector_net,max_sector_gross_share,n_long,n_short,n_positions,month,tb3ms_annual_pct,rf_monthly,month_sp,sp500_ret,benchmark_monthly,active_ret,rolling_beta_12m,drawdown,sp500_drawdown,net_port_excess_ret,trade_cost,borrow_cost,net_rolling_beta_12m
2021-01-31,-0.0064478688077379935,0.05178755999999991,-0.058235428807737896,1.9999999999999984,0.0,-5.551115123125783e-17,-1.1102230246251565e-16,0.05,0.22499999999999937,100,101,201,2021-01-31,0.08,6.666666666666667e-05,2021-01-31,-0.011136640158463607,0.0034000000000000002,-0.009781202141071327,,-0.006447868807737955,-0.011136640158463607,-0.00910278914590873,0.002016899454968383,0.0006380208832023526,
2021-02-28,-0.021331606239298813,0.052128699187820045,-0.07346030542711883,1.9999999999999982,0.0,-5.551115123125783e-17,-5.551115123125783e-17,0.05,0.24351259220767982,102,103,205,2021-02-28,0.04,3.3333333333333335e-05,2021-02-28,0.026091474971999817,0.0033666666666666667,-0.024664939572632147,,-0.027641931648547446,0.0,-0.02244994528539519,0.00048306260499515156,0.0006352764411012246,
2021-03-31,0.10653958233994253,0.06867892400406425,0.03786065833587828,1.9999999999999987,-1.6653345369377348e-16,2.220446049250313e-16,-1.1102230246251565e-16,0.05,0.24999707479234728,104,106,210,2021-03-31,0.03,2.4999999999999998e-05,2021-03-31,0.04243863400810777,0.0033583333333333334,0.1032062490066092,,0.0,0.0,0.10537344220246009,0.0005516398047192047,0.0006145003327632366,
2021-04-30,0.050546839679329186,0.04951947693437388,0.0010273627449553192,1.999999999999999,-5.551115123125783e-17,-1.1102230246251565e-16,1.1102230246251565e-16,0.05,0.253097105907406,106,109,215,2021-04-30,0.02,1.6666666666666667e-05,2021-04-30,0.05242531255584737,0.00335,0.04721350634599585,,0.0,0.0,0.04935159091331849,0.000561957428936647,0.0006332913370740498,
2021-05-31,0.07505959745833474,0.02378114199193935,0.051278455466395395,1.999999999999999,0.0,1.1102230246251565e-16,-1.6653345369377348e-16,0.05,0.2639815110661788,109,109,218,2021-05-31,0.02,1.6666666666666667e-05,2021-05-31,0.005486502581813157,0.00335,0.07172626412500141,,0.0,0.0,0.07382791250928515,0.0006099073548131396,0.0006217775942364463,
2021-06-30,-0.07327456582097126,-0.0031619069363195778,-0.07011265888465168,1.999999999999999,-1.6653345369377348e-16,5.551115123125783e-17,-1.1102230246251565e-16,0.05,0.2610730711408412,108,115,223,2021-06-30,0.04,3.3333333333333335e-05,2021-06-30,0.02221397632316946,0.0033666666666666667,-0.07660789915430459,,-0.07327456582097125,0.0,-0.07450899943771529,0.0005883141473979935,0.0006461194693460406,
2021-07-31,0.07310901114498987,0.019051815972029044,0.05405719517296081,1.999999999999999,-1.1102230246251565e-16,-5.551115123125783e-17,1.1102230246251565e-16,0.05,0.26531433633066703,110,110,220,2021-07-31,0.05,4.1666666666666665e-05,2021-07-31,0.02274810936591054,0.0033750000000000004,0.06977567781165654,,-0.005522585725231122,0.0,0.07196710769371699,0.0005247235513767562,0.0006171798998961263,
2021-08-31,0.025265891615510804,0.02260589267268977,0.0026599989428210363,1.9999999999999991,5.551115123125783e-17,0.0,-5.551115123125783e-17,0.05,0.2504847842979661,110,114,224,2021-08-31,0.05,4.1666666666666665e-05,2021-08-31,0.028990321391681118,0.0033750000000000004,0.02193255828217747,,0.0,0.0,0.024067728765483035,0.0005429912187024319,0.0006551716313253404,
2021-09-30,0.010679855855740059,-0.034766677989560776,0.04544653384530084,1.9999999999999987,0.0,1.1102230246251565e-16,2.220446049250313e-16,0.05000000000000001,0.2709389726697239,107,112,219,2021-09-30,0.04,3.3333333333333335e-05,2021-09-30,-0.047569140421166334,0.0033666666666666667,0.007346522522406725,,0.0,-0.047569140421166445,0.009442341602874138,0.0005599111445316095,0.0006776031083343111,
2021-10-31,0.018982475215125028,0.0427148995710372,-0.023732424355912166,1.9999999999999991,0.0,-1.1102230246251565e-16,-1.1102230246251565e-16,0.05000000000000002,0.2796378255798835,110,115,225,2021-10-31,0.05,4.1666666666666665e-05,2021-10-31,0.06914387330123462,0.0033750000000000004,0.015649141881791694,,0.0,0.0,0.017646586748918707,0.000632687347842291,0.0007032011183640311,
2021-11-30,0.07190544603333152,-0.009137578295560339,0.08104302432889182,1.9999999999999991,-2.220446049250313e-16,-2.7755575615628914e-16,0.0,0.05000000000000002,0.2803756407313443,108,116,224,2021-11-30,0.05,4.1666666666666665e-05,2021-11-30,-0.00833373141847149,0.0033750000000000004,0.06857211269999819,,0.0,-0.00833373141847149,0.07064170918843242,0.0005722472571520512,0.0006914895877470472,
2021-12-31,0.0781468897867874,0.06218798932999749,0.015958900456789916,1.9999999999999996,-2.7755575615628914e-16,-1.1102230246251565e-16,1.1102230246251565e-16,0.05000000000000002,0.2835718137839812,112,119,231,2021-12-31,0.06,4.9999999999999996e-05,2021-12-31,0.04361287497262989,0.0033833333333333337,0.07481355645345407,0.2757117037793058,0.0,0.0,0.07688769779299272,0.0005775665672311743,0.0006816254265635039,0.27967559293288385
2022-01-31,0.04359258224817282,-0.08779882818482496,0.1313914104329978,1.9999999999999991,-1.6653345369377348e-16,-1.1102230246251565e-16,2.220446049250313e-16,0.05,0.28842227214467675,111,117,228,2022-01-31,0.15,0.000125,2022-01-31,-0.05258508910699977,0.0034583333333333337,0.040259248914839486,0.08325799720317467,0.0,-0.05258508910699977,0.042376138659100615,0.0005391348695611862,0.0006773087195110187,0.0831831492988947
2022-02-28,-0.006219144740164701,-0.0021798049150283712,-0.004039339825136329,1.9999999999999991,-2.220446049250313e-16,0.0,1.1102230246251565e-16,0.05,0.26221222079001366,119,121,240,2022-02-28,0.33,0.000275,2022-02-28,-0.03136052086678265,0.0036083333333333336,-0.009552478073498034,0.23300744999181405,-0.006219144740164717,-0.08229651418956074,-0.007425294966141073,0.0005461142079216276,0.0006600360180547455,0.23283694106055122
2022-03-31,-0.010679220111386223,0.007129478974499421,-0.017808699085885643,1.9999999999999996,5.551115123125783e-17,-1.6653345369377348e-16,-1.1102230246251565e-16,0.05000000000000001,0.24946347231482247,118,120,238,2022-03-31,0.44,0.00036666666666666667,2022-03-31,0.03577323877328009,0.0037,-0.014012553444719557,0.04704295807739698,-0.016831949235966204,-0.04946728826859237,-0.011942359728831274,0.0005838731319505735,0.000679266485494477,0.04670955862293899
2022-04-30,0.08023777532106237,-0.06913862727943851,0.1493764026005009,1.9999999999999991,5.551115123125783e-17,-5.551115123125783e-17,-5.551115123125783e-17,0.05,0.2340518629860727,114,120,234,2022-04-30,0.76,0.0006333333333333333,2022-04-30,-0.08795671914903935,0.003966666666666667,0.07690444198772904,-0.2001125444656566,0.0,-0.13307302703632662,0.07899380213539617,0.000547756060793307,0.0006962171248728905,-0.20038806803472864
2022-05-31,0.0904370366351814,0.03051621499510003,0.05992082164008136,1.9999999999999996,5.551115123125783e-17,-1.1102230246251565e-16,0.0,0.05,0.22660568633119277,119,122,241,2022-05-31,0.98,0.0008166666666666666,2022-05-31,5.324388360872234e-05,0.00415,0.08710370330184808,-0.21172451054946437,0.0,-0.1330268684774809,0.08915354424465657,0.0005571951074639022,0.0007262972830609329,-0.2120013159723915
2022-06-30,-0.036937326978229316,-0.10821420956945503,0.0712768825912257,1.9999999999999993,2.7755575615628914e-16,0.0,-5.551115123125783e-17,0.05,0.2331978665531454,118,123,241,2022-06-30,1.49,0.0012416666666666667,2022-06-30,-0.08391999322386645,0.004575,-0.04027066031156265,0.12563262066709902,-0.03693732697822927,-0.20578324780012514,-0.03821050960491433,0.0005835033807271964,0.0006896792459578168,0.12548720106020578
2022-07-31,0.010289121619337926,0.11067725698268399,-0.10038813536334606,1.9999999999999993,1.1102230246251565e-16,1.1102230246251565e-16,8.326672684688674e-17,0.05,0.24160112975671458,124,123,247,2022-07-31,2.23,0.0018583333333333334,2022-07-31,0.09111634763220589,0.005191666666666667,0.0069557882860045925,0.0070130470664907085,-0.027028258008463535,-0.1334171181113598,0.00901763280945569,0.0005861397284895287,0.000685349081392708,0.006758768151320759
2022-08-31,-0.06831354551287538,-0.05525799286108476,-0.013055552651790637,1.9999999999999991,-2.7755575615628914e-17,-5.551115123125783e-17,1.6653345369377348e-16,0.05,0.23698748873754077,118,117,235,2022-08-31,2.63,0.002191666666666667,2022-08-31,-0.04244011921681046,0.005525,-0.07164687884620871,0.10389899986771119,-0.09349540738774409,-0.17019499892996082,-0.06951798778520488,0.0005851353651420256,0.0006193069071874621,0.10354192705080188
2022-09-30,0.013848865342772703,-0.10366912321900612,0.11751798856177881,1.9999999999999991,1.1102230246251565e-16,1.1102230246251565e-16,-5.551115123125783e-17,0.05,0.21210798796227853,121,118,239,2022-09-30,3.13,0.0026083333333333336,2022-09-30,-0.09339570164348932,0.005941666666666667,0.010515532009439369,0.09845041550205165,-0.08094134735205194,-0.24769521923217352,0.01263227222703594,0.0005922326751761903,0.0006243604405605712,0.09808207373695352
2022-10-31,0.06573129200281529,0.11957108508427888,-0.053839793081463604,1.9999999999999993,-1.6653345369377348e-16,-1.1102230246251565e-16,1.1102230246251565e-16,0.05,0.20949087708376554,127,124,251,2022-10-31,3.72,0.0031000000000000003,2022-10-31,0.07986345457689326,0.006433333333333334,0.06239795866948195,0.18865283708632027,-0.02053043468713578,-0.18761356054534262,0.06449332393083819,0.0005586873735763111,0.0006792806984007867,0.1884780457863628
2022-11-30,0.05084655720767939,0.08784479508074769,-0.036998237873068295,1.9999999999999996,1.942890293094024e-16,5.551115123125783e-17,2.7755575615628914e-17,0.05000000000000002,0.22712998632969209,119,122,241,2022-11-30,4.15,0.0034583333333333337,2022-11-30,0.053752860293699856,0.006791666666666667,0.047513223874346054,0.2018481657529828,0.0,-0.14394546576084022,0.04956945403967807,0.0006102076032220706,0.0006668955647792446,0.2016481213534274
2022-12-31,0.0074311344303458335,-0.06201984490384224,0.06945097933418809,1.9999999999999991,1.3877787807814457e-16,2.7755575615628914e-17,0.0,0.05000000000000001,0.23479708746640335,114,118,232,2022-12-31,4.25,0.003541666666666667,2022-12-31,-0.058971449299161094,0.006875000000000001,0.0040978010970125,0.15589460752847406,0.0,-0.19442824232404177,0.006229116678183057,0.0005915391700330862,0.00061047858212969,0.15566667822469504
2023-01-31,-0.011327035430370079,0.10472976245887465,-0.11605679788924472,1.9999999999999996,1.3877787807814457e-16,0.0,-5.551115123125783e-17,0.05000000000000001,0.2371832902782868,119,119,238,2023-01-31,4.54,0.0037833333333333334,2023-01-31,0.06175283240005203,0.007116666666666667,-0.014660368763703413,0.125403594844968,-0.011327035430370058,-0.144681904586063,-0.012477729518241151,0.0005236095173386606,0.0006270845705324106,0.12532930101116044
2023-02-28,0.019157121174954973,-0.006984314400971604,0.02614143557592658,1.9999999999999991,-1.1102230246251565e-16,-2.7755575615628914e-17,0.0,0.05,0.23783324760610808,112,113,225,2023-02-28,4.65,0.0038750000000000004,2023-02-28,-0.026112446646715304,0.007208333333333334,0.01582378784162164,0.11409847853069999,0.0,-0.16701635271852955,0.017880636034804293,0.0006219624160340418,0.0006545227241166387,0.11405494075414377
2023-03-31,-0.021766469378206435,-0.024388198371452854,0.002621728993246417,1.9999999999999987,-2.7755575615628914e-17,-5.551115123125783e-17,2.7755575615628914e-17,0.05,0.2393957492604069,113,118,231,2023-03-31,4.69,0.003908333333333334,2023-03-31,0.03505157235872702,0.007241666666666667,-0.02509980271153977,0.10862699419743861,-0.021766469378206477,-0.1378189661322068,-0.0231116885412823,0.000661453561990187,0.0006837656010856766,0.1085210709830085
2023-04-30,0.023995279581417346,-0.003839002853360463,0.02783428243477781,1.999999999999999,6.938893903907228e-17,8.326672684688674e-17,-1.3877787807814457e-16,0.05,0.22040309676164152,115,118,233,2023-04-30,4.92,0.0041,2023-04-30,0.01464236088297044,0.0074333333333333335,0.020661946248084012,0.25474212190618895,0.0,-0.1251946002878619,0.02271821304406836,0.0005708427850301375,0.0007062237523188486,0.2546218994315445
2023-05-31,0.01586335160095438,-0.011342394103088833,0.027205745704043216,1.9999999999999991,8.326672684688674e-17,1.3877787807814457e-16,8.326672684688674e-17,0.05,0.19853057797808707,118,117,235,2023-05-31,5.14,0.004283333333333333,2023-05-31,0.002482323934879238,0.007616666666666666,0.012530018267621047,0.2553475109338336,0.0,-0.12302304990579493,0.014600762809980334,0.0005865604723398687,0.0006760283186341779,0.25522736050291267
2023-06-30,0.04635025042770026,0.11015218025454276,-0.06380192982684249,1.9999999999999993,1.1102230246251565e-16,-1.3877787807814457e-16,5.551115123125783e-17,0.05000000000000001,0.20686649734677293,121,117,238,2023-06-30,5.16,0.0043,2023-06-30,0.0647275128414313,0.007633333333333334,0.043016917094366926,0.23431915725542457,0.0,-0.06625851310693298,0.0449990621679772,0.00068558320920856,0.0006656050505145026,0.2339964866500582
2023-07-31,0.018326598089016866,0.042116244095627774,-0.023789646006610904,1.9999999999999991,1.3877787807814457e-16,-5.551115123125783e-17,-6.938893903907228e-17,0.050000000000000024,0.2468920183958848,115,115,230,2023-07-31,5.25,0.0043749999999999995,2023-07-31,0.031138913980379268,0.007708333333333333,0.014993264755683532,0.2875208798449144,0.0,-0.0371828172666584,0.016989000984996467,0.0006728280625575752,0.0006647690414628249,0.2871267188052321
2023-08-31,0.03964842575639534,-0.02992353182337439,0.06957195757976974,1.9999999999999991,-5.551115123125783e-17,0.0,0.0,0.05,0.2274274269512543,114,116,230,2023-08-31,5.3,0.004416666666666667,2023-08-31,-0.01771643248143373,0.00775,0.03631509242306201,0.13826933133243147,0.0,-0.05424050287651794,0.03832783710773519,0.0006513064608958835,0.0006692821877642714,0.1380083133945653
2023-09-30,0.030957578184088078,-0.05386988710196241,0.08482746528605048,1.9999999999999991,8.326672684688674e-17,-2.7755575615628914e-17,0.0,0.05,0.25281403322011575,117,120,237,2023-09-30,5.32,0.004433333333333333,2023-09-30,-0.04871929116215501,0.0077666666666666665,0.027624244850754744,0.1182042686358594,0.0,-0.10031723518625024,0.029523244916555474,0.00069617471411439,0.0007381585534182146,0.11856291221260645
2023-10-31,0.03698032592130165,-0.05927486799812365,0.0962551939194253,1.9999999999999993,5.551115123125783e-17,8.326672684688674e-17,-1.3877787807814457e-16,0.05,0.24977982258315484,118,123,241,2023-10-31,5.34,0.00445,2023-10-31,-0.021979687736850106,0.007783333333333333,0.033646992587968313,-0.033952508287615694,0.0,-0.1200919814190824,0.03558843665387745,0.0006752406260065742,0.0007166486414176184,-0.03356496477640414
2023-11-30,-0.02944485211615113,0.08820864174103396,-0.1176534938571851,1.999999999999999,-1.3877787807814457e-16,-8.326672684688674e-17,-2.220446049250313e-16,0.05,0.24497832536319847,123,122,245,2023-11-30,5.27,0.004391666666666666,2023-11-30,0.08917926462873771,0.007724999999999999,-0.032778185449484465,-0.24500764364714614,-0.02944485211615111,-0.04162243138110644,-0.030798870166255723,0.0006782030055771707,0.0006758150445274249,-0.24490128688657425
2023-12-31,-0.03969378656278814,0.09686673325617695,-0.1365605198189651,1.9999999999999993,3.885780586188048e-16,-2.7755575615628914e-17,2.7755575615628914e-17,0.05,0.25193363189506995,117,116,233,2023-12-31,5.24,0.004366666666666667,2023-12-31,0.04422916940321375,0.0077,-0.04302711989612147,-0.39704627433479184,-0.06796986100366775,0.0,-0.04093899589896329,0.0006150171518924419,0.000630192184282716,-0.39642080568413524
2024-01-31,0.01841926886994473,-0.02235954502063521,0.04077881389057994,1.999999999999999,5.551115123125783e-17,2.7755575615628914e-17,1.6653345369377348e-16,0.05000000000000001,0.2841192031872888,114,113,227,2024-01-31,5.22,0.00435,2024-01-31,0.015895744712075555,0.007683333333333334,0.015085935536611396,-0.38378216922085595,-0.05080254727860234,0.0,0.017193991794847853,0.000598108159427288,0.000627168915669588,-0.3835084796030862
2024-02-29,-0.004309494860358608,0.04486848651274354,-0.04917798137310215,1.9999999999999991,2.7755575615628914e-17,0.0,-1.1102230246251565e-16,0.05,0.28319281645633604,113,116,229,2024-02-29,5.24,0.004366666666666667,2024-02-29,0.05172061539731532,0.0077,-0.007642828193691942,-0.4174175938113184,-0.0548931088225707,0.0,-0.005513441956335111,0.0005633867597619323,0.0006405603362145714,-0.41681113969504907
2024-03-31,-0.0009527553756931064,0.03106466183618924,-0.03201741721188235,1.9999999999999991,2.498001805406602e-16,8.326672684688674e-17,-1.1102230246251565e-16,0.05,0.30580671650895397,116,114,230,2024-03-31,5.24,0.004366666666666667,2024-03-31,0.031018764704381807,0.0077,-0.00428608870902644,-0.39935825257838337,-0.05579356449374451,0.0,-0.002140463299217086,0.0005402223694334352,0.0006474855540905445,-0.3986495462826424
2024-04-30,0.010316676853860618,-0.06517641200471908,0.07549308885857971,1.9999999999999991,2.7755575615628914e-16,-5.551115123125783e-17,3.608224830031759e-16,0.05,0.3208332803181366,116,113,229,2024-04-30,5.24,0.004366666666666667,2024-04-30,-0.04161504277408257,0.0077,0.006983343520527284,-0.3195421109112398,-0.04605249181529103,-0.04161504277408257,0.009132387107474165,0.0004806345141654953,0.0007036552322209577,-0.31928428076708804
2024-05-31,0.0010200722592439062,0.03740735421426101,-0.036387281955017094,1.9999999999999993,2.220446049250313e-16,-3.0531133177191805e-16,-3.3306690738754696e-16,0.05,0.2724490947754893,123,115,238,2024-05-31,5.25,0.0043749999999999995,2024-05-31,0.04802122449952262,0.007708333333333333,-0.0023132610740894274,-0.32108205507137755,-0.04507939642541692,0.0,-0.00022757622920852982,0.0005759110003762597,0.0006717374880761763,-0.3207499639042241
2024-06-30,0.005154631287354674,-0.01180009946164622,0.016954730749000887,1.9999999999999993,2.498001805406602e-16,-5.551115123125783e-17,0.0,0.05,0.27609342140777055,121,116,237,2024-06-30,5.24,0.004366666666666667,2024-06-30,0.034669759034089864,0.0077,0.0018212979540213402,-0.44298476041505597,-0.04015713280529176,0.0,0.0038287027902328408,0.0006505429362808015,0.0006753855608410315,-0.4425042453646257
2024-07-31,0.02292475509298421,0.07560909043653805,-0.052684335343553844,1.9999999999999991,2.7755575615628914e-17,0.0,-5.551115123125783e-17,0.05,0.2956749372220321,117,118,235,2024-07-31,5.2,0.004333333333333334,2024-07-31,0.011321349038912354,0.007666666666666667,0.019591421759650875,-0.45941566841809583,-0.018152970147105263,0.0,0.021566724425905005,0.0006468056463092876,0.000711225020769916,-0.4588747769880828
2024-08-31,0.04225326948030657,0.012877223005719111,0.029376046474587456,1.9999999999999987,1.1102230246251565e-16,-2.7755575615628914e-17,-1.1102230246251565e-16,0.05,0.29756122526948775,114,117,231,2024-08-31,5.05,0.004208333333333333,2024-08-31,0.022834688445031892,0.007541666666666667,0.038919936146973234,-0.41814506950080077,0.0,0.0,0.04091313274457537,0.0006285346998980164,0.0007116020358331854,-0.4176396883847203
2024-09-30,0.004555785869564212,0.023613267548457315,-0.0190574816788931,1.9999999999999991,1.3877787807814457e-16,-2.7755575615628914e-17,-5.551115123125783e-17,0.05,0.2910878514456737,118,118,236,2024-09-30,4.72,0.003933333333333333,2024-09-30,0.020196869910062976,0.007266666666666666,0.0012224525362308785,-0.44890895056102004,0.0,0.0,0.003241821330806881,0.0005857166917831599,0.0007282478469741711,-0.44902268369649395
2024-10-31,-0.025222900420611132,-0.032161113639542764,0.00693821321893163,1.9999999999999991,1.1102230246251565e-16,2.7755575615628914e-17,1.3877787807814457e-16,0.049130782324089385,0.32059972335099185,117,115,232,2024-10-31,4.51,0.0037583333333333336,2024-10-31,-0.009896780552817508,0.007091666666666667,-0.028556233753944466,-0.26545690774816305,-0.02522290042061126,-0.009896780552817508,-0.026559430320820306,0.0005703240571811062,0.0007662058430280649,-0.26587028562929577
2024-11-30,-0.008703339133945977,0.07820595435803421,-0.08690929349198018,1.9999999999999991,2.220446049250313e-16,8.326672684688674e-17,-2.7755575615628914e-17,0.05,0.3196792157549821,121,113,234,2024-11-30,4.42,0.003683333333333333,2024-11-30,0.057301352215863854,0.007016666666666667,-0.01203667246727931,-0.169503182242044,-0.03370671609825471,0.0,-0.010025310454370903,0.0005518290443835094,0.0007701422760414167,-0.16965870329537786
2024-12-31,0.022794396125313997,-0.06592306287804298,0.08871745900335698,1.9999999999999991,1.1102230246251565e-16,5.551115123125783e-17,2.498001805406602e-16,0.050000000000000024,0.31662543662678144,118,112,230,2024-12-31,4.27,0.003558333333333333,2024-12-31,-0.024990136563014964,0.006891666666666667,0.019461062791980663,-0.12389733504893632,-0.011680644211767843,-0.024990136563014964,0.021514204318192103,0.0005587270240310099,0.0007214647830908864,-0.1240785941250079
2025-01-31,-0.007004426260780143,0.035483821198312046,-0.0424882474590922,1.9999999999999996,4.996003610813204e-16,-1.3877787807814457e-16,-8.326672684688674e-17,0.05,0.31788136881866935,118,117,235,2025-01-31,4.21,0.0035083333333333334,2025-01-31,0.027016320305765618,0.006841666666666667,-0.010337759594113477,-0.1313873213600435,-0.018603254261488233,0.0,-0.008394301791116613,0.0006467217259151936,0.0007431538044212751,-0.13164451068627397
2025-02-28,0.006876280505805531,-0.04725084954500665,0.0541271300508122,1.9999999999999991,3.608224830031759e-16,-8.326672684688674e-17,5.551115123125783e-17,0.05000000000000001,0.34999999999999987,118,114,232,2025-02-28,4.22,0.003516666666666666,2025-02-28,-0.014242127760312417,0.00685,0.003542947172472198,-0.1041013283946133,-0.01185489495030545,-0.014242127760312306,0.005586494660734806,0.0005225700304563927,0.0007672158146143322,-0.10470020578406446
2025-03-31,0.053996656713879536,-0.03914059845029312,0.09313725516417265,1.9999999999999987,2.7755575615628914e-16,-2.7755575615628914e-16,-2.7755575615628914e-17,0.05,0.3499999999999999,123,115,238,2025-03-31,4.2,0.0035,2025-03-31,-0.05754471408178685,0.006833333333333334,0.0506633233805462,-0.27741908388711994,0.0,-0.07096728267221575,0.05262640647765949,0.0005954975900084411,0.0007747526462116111,-0.27771231443929123
2025-04-30,-0.041514929758782765,-0.02676999169491362,-0.014744938063869147,1.9999999999999991,0.0,-5.551115123125783e-17,-1.6653345369377348e-16,0.05,0.3286228463015889,126,117,243,2025-04-30,4.21,0.0035083333333333334,2025-04-30,-0.007624936518260461,0.006841666666666667,-0.0448482630921161,-0.2602011424598047,-0.04151492975878279,-0.07805109816522704,-0.04287690660137359,0.0005870134025232757,0.0007749634400675498,-0.2599239388150946
2025-05-31,0.009106190258653377,0.04489852204505058,-0.035792331786397194,1.9999999999999991,1.1102230246251565e-16,-1.1102230246251565e-16,1.6653345369377348e-16,0.05,0.3150426163993586,124,116,240,2025-05-31,4.25,0.003541666666666667,2025-05-31,0.06152384783069298,0.006875000000000001,0.005772856925320043,-0.2083417554079254,-0.032786782349087606,-0.021329254221070015,0.007702425452615325,0.0005946452273300866,0.0008091195787079646,-0.20862184810531745
2025-06-30,-0.04309086014674905,0.02278516971873752,-0.06587602986548657,1.9999999999999993,-2.7755575615628914e-17,1.1102230246251565e-16,5.551115123125783e-17,0.05,0.32214869447200095,122,114,236,2025-06-30,4.23,0.0035250000000000004,2025-06-30,0.04960679602617879,0.006858333333333334,-0.046424193480082386,-0.32809927961287466,-0.07446483184297026,0.0,-0.044456150477244924,0.000626265978364731,0.0007390243521311406,-0.3284505991120901
2025-07-31,-0.045887078167772495,-0.0012856242370996146,-0.04460145393067288,1.999999999999999,1.3877787807814457e-16,1.6653345369377348e-16,-4.440892098500626e-16,0.05,0.33072819181691243,119,109,228,2025-07-31,4.25,0.003541666666666667,2025-07-31,0.021666572655702376,0.006875000000000001,-0.04922041150110583,-0.35692486648686506,-0.11693493645121433,0.0,-0.0472060530662528,0.0005509248743978803,0.0007680500240824202,-0.35725793641449377
2025-08-31,0.0015025940622891334,0.05986834598651389,-0.058365751924224774,1.9999999999999991,3.885780586188048e-16,-1.3877787807814457e-16,5.551115123125783e-17,0.05,0.31627774859579527,119,112,231,2025-08-31,4.12,0.0034333333333333334,2025-08-31,0.01906650324400294,0.006766666666666667,-0.0018307392710442002,-0.38910530362589807,-0.11560804813011094,0.0,0.0002605555921021791,0.0005042474482129017,0.0007377910219740526,-0.38938847985829605
2025-09-30,-0.030750527588430426,0.027079641834539408,-0.05783016942296983,1.9999999999999991,4.440892098500626e-16,1.1102230246251565e-16,0.0,0.049999999999999996,0.3113637496963851,118,110,228,2025-09-30,3.92,0.0032666666666666664,2025-09-30,0.03532365570425955,0.0066,-0.034083860921763756,-0.4192111634540977,-0.14280356724507182,0.0,-0.03204657993190358,0.0005906462084896349,0.0007054061349835228,-0.41943687300961585
2025-10-31,-0.05821231969941984,-0.015199553663246759,-0.043012766036173086,1.9999999999999991,2.220446049250313e-16,-5.551115123125783e-17,-1.6653345369377348e-16,0.050000000000000024,0.31001188865722146,119,110,229,2025-10-31,3.82,0.003183333333333333,2025-10-31,0.022686836730727133,0.006516666666666667,-0.061545653032753174,-0.4902430087217195,-0.19270296003380394,0.0,-0.05949809480134189,0.0005869726724157881,0.000698802429506265,-0.4904635033836268
2025-11-30,0.02297335800168879,0.021681431070760912,0.0012919269309278787,1.9999999999999991,6.106226635438361e-16,2.220446049250313e-16,3.3306690738754696e-16,0.05000000000000001,0.31231185826612173,121,112,233,2025-11-30,3.78,0.00315,2025-11-30,0.001299669600304032,0.006483333333333334,0.019640024668355457,-0.598788036848386,-0.17415663612095678,0.0,0.021698103635301683,0.0006036524038236685,0.0006716019625634394,-0.5990998822657747
2025-12-31,0.025676847624405676,-0.001988390810591783,0.02766523843499746,1.9999999999999993,2.7755575615628914e-16,0.0,-5.551115123125783e-17,0.05,0.3108454289789774,119,117,236,2025-12-31,3.59,0.0029916666666666668,2025-12-31,-0.0005241572238063874,0.006325000000000001,0.02234351429107234,-0.5972552729158164,-0.15295158190500813,-0.0005241572238063874,0.024365366586402787,0.0006473945444089894,0.000664086493593899,-0.5974668370939359
2026-01-31,-0.006500402308564307,0.036861787890628266,-0.043362190199192574,1.9999999999999993,-2.7755575615628914e-17,1.6653345369377348e-16,1.1102230246251565e-16,0.05000000000000002,0.3153012902339512,118,119,237,2026-01-31,3.57,0.0029749999999999998,2026-01-31,0.013662990285588927,0.006308333333333333,-0.00983373564189764,-0.6104163565712467,-0.1584577373974585,0.0,-0.007855209303849038,0.0006328530464068294,0.0007219539488779018,-0.6105498738141379
2026-02-28,0.011370016975601478,-0.00018924674931989168,0.011559263724921373,1.9999999999999996,2.7755575615628914e-16,2.220446049250313e-16,-1.6653345369377348e-16,0.05000000000000002,0.2998517402736083,117,115,232,2026-02-28,3.6,0.0030000000000000005,2026-02-28,-0.008668358545790955,0.006333333333333334,0.008036683642268144,-0.6269487550835703,-0.14888938758598158,-0.008668358545790955,0.01008323061419163,0.000594245254810598,0.0006925411065992496,-0.627072729626969
2026-03-31,-0.03570495877764864,-0.05242164022779967,0.016716681450151046,1.9999999999999996,4.440892098500626e-16,1.1102230246251565e-16,-1.6653345369377348e-16,0.049999999999999996,0.3082237600883703,119,117,236,2026-03-31,3.61,0.0030083333333333333,2026-03-31,-0.0509327099760426,0.006341666666666667,-0.039038292110981976,-0.04745981924936781,-0.17927825691744348,-0.059159565530052305,-0.03705563707355788,0.0006826871535420631,0.0006679911423671734,-0.047761165300154826
2026-04-30,-0.032455552091271815,0.054938810140664575,-0.08739436223193639,1.9999999999999991,1.1102230246251565e-16,-5.551115123125783e-17,1.6653345369377348e-16,0.05000000000000002,0.30113927372881755,123,116,239,2026-04-30,3.61,0.0030083333333333333,2026-04-30,0.10423342503354505,0.006341666666666667,-0.03578888542460515,-0.15719148657884607,-0.2059152342024987,0.0,-0.033701218655748925,0.0006055097192802933,0.0006401568451968175,-0.15706698077414424
2026-05-31,-0.04915548287799017,-0.015227266635466844,-0.03392821624252332,1.9999999999999993,3.3306690738754696e-16,1.1102230246251565e-16,2.7755575615628914e-16,0.050000000000000024,0.32613005641803944,120,112,232,2026-05-31,3.6,0.0030000000000000005,2026-05-31,0.05147031284462078,0.006333333333333334,-0.0524888162113235,-0.28908940399008,-0.24494885431133062,0.0,-0.050375588461681206,0.0005901614877591259,0.0006299440959319154,-0.28855493198954907
2026-06-30,0.04342848427401353,0.05346354805163972,-0.010035063777626193,1.9999999999999991,2.7755575615628914e-16,-3.885780586188048e-16,2.7755575615628914e-16,0.05,0.3127599930818965,123,110,233,2026-06-30,3.66,0.00305,2026-06-30,-0.010646353722793878,0.006383333333333334,0.040095150940680196,-0.3509823623531108,-0.2121581275047144,-0.010646353722793878,0.042267895584911556,0.0005207183050832864,0.0006398703840186854,-0.3505362976726462
2026-07-31,0.08854654479148863,0.030322697020118798,0.05822384777136981,1.999999999999999,-5.551115123125783e-17,-3.885780586188048e-16,0.0,0.050000000000000024,0.3345209987733327,120,111,231,2026-07-31,3.73,0.003108333333333333,2026-07-31,-0.001285443024471311,0.006441666666666667,0.0852132114581553,-0.4326154874917302,-0.14239745185320019,-0.011918111466136194,0.08729548297766336,0.0006117545297486659,0.0006393072840766068,-0.43218784248416225
2026-08-31,-0.05702909818600669,0.008559563896004645,-0.06558866208201133,1.9999999999999991,2.220446049250313e-16,1.1102230246251565e-16,-1.6653345369377348e-16,0.05000000000000001,0.3499999999999998,118,117,235,2026-08-31,3.72,0.0031000000000000003,2026-08-31,0.0262252794496991,0.006433333333333334,-0.060362431519340023,-0.4678794908529038,-0.1913057517760336,0.0,-0.0583849433466255,0.0006447964281440866,0.0007110487324747286,-0.46751754409024426
