target_month,port_excess_ret,long_leg_ret,short_leg_ret,gross_exposure,net_exposure,n_long,n_short,n_positions,month,tb3ms_annual_pct,rf_monthly,month_sp,sp500_ret,benchmark_monthly,active_ret
2021-01-31,-0.5709393,0.08453363000000001,-0.65547293,1.9999999999999996,0.0,100,100,200,2021-01-31,0.08,6.666666666666667e-05,2021-01-31,-0.011136640158463607,0.0034000000000000002,-0.5742726333333333
2021-02-28,0.030061600000000008,0.10756146,-0.07749986000000002,1.9999999999999996,0.0,100,100,200,2021-02-28,0.04,3.3333333333333335e-05,2021-02-28,0.026091474971999817,0.0033666666666666667,0.026728266666666674
2021-03-31,0.08132423,0.056934229999999995,0.02439000000000001,1.9999999999999996,0.0,100,100,200,2021-03-31,0.03,2.4999999999999998e-05,2021-03-31,0.04243863400810777,0.0033583333333333334,0.07799089666666667
2021-04-30,0.1501749,0.014517730000000001,0.13565717000000002,1.9999999999999996,0.0,100,100,200,2021-04-30,0.02,1.6666666666666667e-05,2021-04-30,0.05242531255584737,0.00335,0.14684156666666667
2021-05-31,0.022655149999999995,0.018815959999999996,0.0038391899999999954,1.9999999999999996,0.0,100,100,200,2021-05-31,0.02,1.6666666666666667e-05,2021-05-31,0.005486502581813157,0.00335,0.01932181666666666
2021-06-30,-0.16214697,-0.02431878,-0.13782819,1.9999999999999996,0.0,100,100,200,2021-06-30,0.04,3.3333333333333335e-05,2021-06-30,0.02221397632316946,0.0033666666666666667,-0.16548030333333333
2021-07-31,0.16729806,0.0016256600000000001,0.16567240000000003,1.9999999999999996,0.0,100,100,200,2021-07-31,0.05,4.1666666666666665e-05,2021-07-31,0.02274810936591054,0.0033750000000000004,0.16396472666666667
2021-08-31,-0.005778239999999997,0.04691379,-0.05269203,1.9999999999999996,0.0,100,100,200,2021-08-31,0.05,4.1666666666666665e-05,2021-08-31,0.028990321391681118,0.0033750000000000004,-0.009111573333333331
2021-09-30,0.030579290000000016,0.003003680000000001,0.027575610000000025,1.9999999999999996,0.0,100,100,200,2021-09-30,0.04,3.3333333333333335e-05,2021-09-30,-0.047569140421166334,0.0033666666666666667,0.027245956666666682
2021-10-31,0.10172178000000001,0.047606329999999995,0.054115449999999996,1.9999999999999996,0.0,100,100,200,2021-10-31,0.05,4.1666666666666665e-05,2021-10-31,0.06914387330123462,0.0033750000000000004,0.09838844666666668
2021-11-30,0.15529093,-0.00951772,0.16480865,1.9999999999999996,0.0,100,100,200,2021-11-30,0.05,4.1666666666666665e-05,2021-11-30,-0.00833373141847149,0.0033750000000000004,0.15195759666666667
2021-12-31,0.17420816,0.0443757,0.12983246,1.9999999999999996,0.0,100,100,200,2021-12-31,0.06,4.9999999999999996e-05,2021-12-31,0.04361287497262989,0.0033833333333333337,0.17087482666666667
2022-01-31,0.18781377999999999,-0.01773544,0.20554921999999995,1.9999999999999996,0.0,100,100,200,2022-01-31,0.15,0.000125,2022-01-31,-0.05258508910699977,0.0034583333333333337,0.18448044666666666
2022-02-28,-0.002081380000000018,-0.018025520000000003,0.01594413999999998,1.9999999999999996,0.0,100,100,200,2022-02-28,0.33,0.000275,2022-02-28,-0.03136052086678265,0.0036083333333333336,-0.005414713333333352
2022-03-31,-0.03284984,-0.0040819700000000025,-0.02876787,1.9999999999999996,0.0,100,100,200,2022-03-31,0.44,0.00036666666666666667,2022-03-31,0.03577323877328009,0.0037,-0.03618317333333333
2022-04-30,0.12761096,-0.08958114000000002,0.2171921,1.9999999999999996,0.0,100,100,200,2022-04-30,0.76,0.0006333333333333333,2022-04-30,-0.08795671914903935,0.003966666666666667,0.12427762666666667
2022-05-31,0.14545468,0.01992989,0.12552479000000002,1.9999999999999996,0.0,100,100,200,2022-05-31,0.98,0.0008166666666666666,2022-05-31,5.324388360872234e-05,0.00415,0.14212134666666668
2022-06-30,0.07743221999999998,-0.025495800000000002,0.10292802,1.9999999999999996,0.0,100,100,200,2022-06-30,1.49,0.0012416666666666667,2022-06-30,-0.08391999322386645,0.004575,0.07409888666666666
2022-07-31,0.08787104000000001,0.07565124000000001,0.0122198,1.9999999999999996,0.0,100,100,200,2022-07-31,2.23,0.0018583333333333334,2022-07-31,0.09111634763220589,0.005191666666666667,0.08453770666666668
2022-08-31,0.049271190000000006,-0.0019749400000000005,0.05124613000000001,1.9999999999999996,0.0,100,100,200,2022-08-31,2.63,0.002191666666666667,2022-08-31,-0.04244011921681046,0.005525,0.04593785666666667
2022-09-30,0.19615,-0.06401219,0.26016219000000007,1.9999999999999996,0.0,100,100,200,2022-09-30,3.13,0.0026083333333333336,2022-09-30,-0.09339570164348932,0.005941666666666667,0.19281666666666666
2022-10-31,0.11789372000000001,0.046821119999999994,0.07107259999999999,1.9999999999999996,0.0,100,100,200,2022-10-31,3.72,0.0031000000000000003,2022-10-31,0.07986345457689326,0.006433333333333334,0.11456038666666668
2022-11-30,0.17477428,0.02537127,0.14940301,1.9999999999999996,0.0,100,100,200,2022-11-30,4.15,0.0034583333333333337,2022-11-30,0.053752860293699856,0.006791666666666667,0.17144094666666668
2022-12-31,0.10729606000000003,-0.06890574999999999,0.17620181000000001,1.9999999999999996,0.0,100,100,200,2022-12-31,4.25,0.003541666666666667,2022-12-31,-0.058971449299161094,0.006875000000000001,0.1039627266666667
2023-01-31,0.19194782,0.29759399000000003,-0.10564616999999998,1.9999999999999996,0.0,100,100,200,2023-01-31,4.54,0.0037833333333333334,2023-01-31,0.06175283240005203,0.007116666666666667,0.18861448666666666
2023-02-28,0.08468402,-0.04665667,0.13134069,1.9999999999999996,0.0,100,100,200,2023-02-28,4.65,0.0038750000000000004,2023-02-28,-0.026112446646715304,0.007208333333333334,0.08135068666666667
2023-03-31,0.017444199999999993,-0.11495549999999999,0.1323997,1.9999999999999996,0.0,100,100,200,2023-03-31,4.69,0.003908333333333334,2023-03-31,0.03505157235872702,0.007241666666666667,0.014110866666666659
2023-04-30,0.0613302,-0.0022999799999999975,0.06363018000000001,1.9999999999999996,0.0,100,100,200,2023-04-30,4.92,0.0041,2023-04-30,0.01464236088297044,0.0074333333333333335,0.05799686666666667
2023-05-31,0.053449159999999996,0.008439029999999993,0.04501013000000001,1.9999999999999996,0.0,100,100,200,2023-05-31,5.14,0.004283333333333333,2023-05-31,0.002482323934879238,0.007616666666666666,0.05011582666666666
2023-06-30,0.10086919000000004,0.09203881000000004,0.008830380000000006,1.9999999999999996,0.0,100,100,200,2023-06-30,5.16,0.0043,2023-06-30,0.0647275128414313,0.007633333333333334,0.09753585666666671
2023-07-31,0.042633739999999996,0.047825229999999996,-0.0051914899999999965,1.9999999999999996,0.0,100,100,200,2023-07-31,5.25,0.0043749999999999995,2023-07-31,0.031138913980379268,0.007708333333333333,0.03930040666666666
2023-08-31,0.032293849999999985,-0.12456074000000002,0.15685459000000002,1.9999999999999996,0.0,100,100,200,2023-08-31,5.3,0.004416666666666667,2023-08-31,-0.01771643248143373,0.00775,0.02896051666666665
2023-09-30,-0.03492028,-0.14880166,0.11388138,1.9999999999999996,0.0,100,100,200,2023-09-30,5.32,0.004433333333333333,2023-09-30,-0.04871929116215501,0.0077666666666666665,-0.03825361333333333
2023-10-31,0.07211380999999997,-0.1251336,0.19724741000000004,1.9999999999999996,0.0,100,100,200,2023-10-31,5.34,0.00445,2023-10-31,-0.021979687736850106,0.007783333333333333,0.06878047666666665
2023-11-30,0.18505456,0.1737717,0.011282860000000007,1.9999999999999996,0.0,100,100,200,2023-11-30,5.27,0.004391666666666666,2023-11-30,0.08917926462873771,0.007724999999999999,0.18172122666666668
2023-12-31,0.11408661,0.17748522,-0.06339861000000001,1.9999999999999996,0.0,100,100,200,2023-12-31,5.24,0.004366666666666667,2023-12-31,0.04422916940321375,0.0077,0.11075327666666668
2024-01-31,0.08941827000000002,-0.012459849999999995,0.10187811999999999,1.9999999999999996,0.0,100,100,200,2024-01-31,5.22,0.00435,2024-01-31,0.015895744712075555,0.007683333333333334,0.0860849366666667
2024-02-29,-0.04435435000000001,0.03985644,-0.08421079000000001,1.9999999999999996,0.0,100,100,200,2024-02-29,5.24,0.004366666666666667,2024-02-29,0.05172061539731532,0.0077,-0.04768768333333334
2024-03-31,0.08578778,0.010865629999999992,0.07492215,1.9999999999999996,0.0,100,100,200,2024-03-31,5.24,0.004366666666666667,2024-03-31,0.031018764704381807,0.0077,0.08245444666666667
2024-04-30,0.06831778999999998,-0.07957571000000001,0.14789349999999998,1.9999999999999996,0.0,100,100,200,2024-04-30,5.24,0.004366666666666667,2024-04-30,-0.04161504277408257,0.0077,0.06498445666666665
2024-05-31,0.0573492,0.017682670000000004,0.03966653,1.9999999999999996,0.0,100,100,200,2024-05-31,5.25,0.0043749999999999995,2024-05-31,0.04802122449952262,0.007708333333333333,0.05401586666666667
2024-06-30,-0.04672047,-0.07200282,0.025282350000000006,1.9999999999999996,0.0,100,100,200,2024-06-30,5.24,0.004366666666666667,2024-06-30,0.034669759034089864,0.0077,-0.050053803333333334
2024-07-31,0.055410870000000015,0.05952412,-0.0041132499999999884,1.9999999999999996,0.0,100,100,200,2024-07-31,5.2,0.004333333333333334,2024-07-31,0.011321349038912354,0.007666666666666667,0.05207753666666668
2024-08-31,0.06976461,-0.04258087,0.11234548,1.9999999999999996,0.0,100,100,200,2024-08-31,5.05,0.004208333333333333,2024-08-31,0.022834688445031892,0.007541666666666667,0.06643127666666668
2024-09-30,0.07814081,0.022157200000000002,0.05598361,1.9999999999999996,0.0,100,100,200,2024-09-30,4.72,0.003933333333333333,2024-09-30,0.020196869910062976,0.007266666666666666,0.07480747666666668
2024-10-31,-0.029474090000000015,0.02404716000000001,-0.05352125000000002,1.9999999999999996,0.0,100,100,200,2024-10-31,4.51,0.0037583333333333336,2024-10-31,-0.009896780552817508,0.007091666666666667,-0.03280742333333335
2024-11-30,0.18422219,0.09572393,0.08849826,1.9999999999999996,0.0,100,100,200,2024-11-30,4.42,0.003683333333333333,2024-11-30,0.057301352215863854,0.007016666666666667,0.18088885666666668
2024-12-31,-0.009200989999999992,-0.007542850000000002,-0.0016581399999999957,1.9999999999999996,0.0,100,100,200,2024-12-31,4.27,0.003558333333333333,2024-12-31,-0.024990136563014964,0.006891666666666667,-0.012534323333333326
2025-01-31,0.11419312000000001,0.016533970000000005,0.09765915,1.9999999999999996,0.0,100,100,200,2025-01-31,4.21,0.0035083333333333334,2025-01-31,0.027016320305765618,0.006841666666666667,0.11085978666666668
2025-02-28,0.19091507999999996,-0.037544040000000015,0.22845912000000002,1.9999999999999996,0.0,100,100,200,2025-02-28,4.22,0.003516666666666666,2025-02-28,-0.014242127760312417,0.00685,0.18758174666666663
2025-03-31,0.09446563000000005,-0.11260317999999998,0.20706881000000005,1.9999999999999996,0.0,100,100,200,2025-03-31,4.2,0.0035,2025-03-31,-0.05754471408178685,0.006833333333333334,0.09113229666666672
2025-04-30,0.017207289999999993,-0.013069340000000006,0.030276629999999992,1.9999999999999996,0.0,100,100,200,2025-04-30,4.21,0.0035083333333333334,2025-04-30,-0.007624936518260461,0.006841666666666667,0.01387395666666666
2025-05-31,-0.1504461400000001,0.037255640000000007,-0.18770178000000004,1.9999999999999996,0.0,100,100,200,2025-05-31,4.25,0.003541666666666667,2025-05-31,0.06152384783069298,0.006875000000000001,-0.15377947333333342
2025-06-30,-0.10771921,0.036648850000000004,-0.14436806,1.9999999999999996,0.0,100,100,200,2025-06-30,4.23,0.0035250000000000004,2025-06-30,0.04960679602617879,0.006858333333333334,-0.11105254333333332
2025-07-31,-0.03344669999999999,0.01267458,-0.04612128,1.9999999999999996,0.0,100,100,200,2025-07-31,4.25,0.003541666666666667,2025-07-31,0.021666572655702376,0.006875000000000001,-0.03678003333333332
2025-08-31,0.06426401,0.04287849,0.02138552,1.9999999999999996,0.0,100,100,200,2025-08-31,4.12,0.0034333333333333334,2025-08-31,0.01906650324400294,0.006766666666666667,0.06093067666666666
2025-09-30,0.01632195000000001,0.029518149999999993,-0.013196199999999991,1.9999999999999996,0.0,100,100,200,2025-09-30,3.92,0.0032666666666666664,2025-09-30,0.03532365570425955,0.0066,0.012988616666666675
2025-10-31,-0.04277221999999999,-0.05058377,0.007811550000000011,1.9999999999999996,0.0,100,100,200,2025-10-31,3.82,0.003183333333333333,2025-10-31,0.022686836730727133,0.006516666666666667,-0.04610555333333333
2025-11-30,0.18982177000000003,0.007463800000000002,0.18235797,1.9999999999999996,0.0,100,100,200,2025-11-30,3.78,0.00315,2025-11-30,0.001299669600304032,0.006483333333333334,0.1864884366666667
2025-12-31,0.22030635000000004,0.022312040000000005,0.19799431000000003,1.9999999999999996,0.0,100,100,200,2025-12-31,3.59,0.0029916666666666668,2025-12-31,-0.0005241572238063874,0.006325000000000001,0.2169730166666667
2026-01-31,0.027869259513261344,0.05221269769358234,-0.024343438180320996,1.9999999999999996,0.0,100,100,200,2026-01-31,3.57,0.0029749999999999998,2026-01-31,0.013662990285588927,0.006308333333333333,0.02453592617992801
2026-02-28,0.16087821926878412,0.008563391241903582,0.1523148280268805,1.9999999999999996,0.0,100,100,200,2026-02-28,3.6,0.0030000000000000005,2026-02-28,-0.008668358545790955,0.006333333333333334,0.1575448859354508
2026-03-31,0.00022731075050847274,-0.019545301708032627,0.019772612458541103,1.9999999999999996,0.0,100,100,200,2026-03-31,3.61,0.0030083333333333333,2026-03-31,-0.0509327099760426,0.006341666666666667,-0.003106022582824861
2026-04-30,0.16486219720566547,0.12827957951654367,0.03658261768912177,1.9999999999999996,0.0,100,100,200,2026-04-30,3.61,0.0030083333333333333,2026-04-30,0.10423342503354505,0.006341666666666667,0.16152886387233215
2026-05-31,-0.009575708906366644,0.03729054874482984,-0.04686625765119648,1.9999999999999996,0.0,100,100,200,2026-05-31,3.6,0.0030000000000000005,2026-05-31,0.05147031284462078,0.006333333333333334,-0.012909042239699978
2026-06-30,0.01625354427822192,0.030375665049453753,-0.014122120771231827,1.9999999999999996,0.0,100,100,200,2026-06-30,3.66,0.00305,2026-06-30,-0.010646353722793878,0.006383333333333334,0.012920210944888585
2026-07-31,0.20623626530344005,-0.004397248129720471,0.21063351343316056,1.9999999999999996,0.0,100,100,200,2026-07-31,3.73,0.003108333333333333,2026-07-31,-0.001285443024471311,0.006441666666666667,0.20290293197010673
2026-08-31,0.03123153922304297,0.05277016256383249,-0.02153862334078952,1.9999999999999996,0.0,100,100,200,2026-08-31,3.72,0.0031000000000000003,2026-08-31,0.0262252794496991,0.006433333333333334,0.027898205889709635
