target_month,port_excess_ret,long_leg_ret,short_leg_ret,gross_exposure,net_exposure,beta_exposure,betabab_exposure,max_abs_sector_net,max_sector_gross_share,turnover_cap_relaxed,turnover_relax_mult,n_long,n_short,n_positions,month,tb3ms_annual_pct,rf_monthly,month_sp,sp500_ret,benchmark_monthly,active_ret,rolling_beta_12m,drawdown,sp500_drawdown,trade_cost,borrow_cost,traded_notional,net_port_excess_ret,net_rolling_beta_12m
2021-01-31,0.01110039466646709,0.04343368321995399,-0.03233328855348689,2.000000000000005,0.0,-1.6653345369377348e-16,0.0,0.05,0.23876391036831304,False,1.0,70,69,139,2021-01-31,0.08,6.666666666666667e-05,2021-01-31,-0.011136640158463607,0.0034000000000000002,0.007767061333133755,,0.0,-0.011136640158463607,0.0016541383640459558,0.0004743537730344647,2.0000000000000053,0.008971902529386669,
2021-02-28,-0.025562466700499595,0.05112499657734648,-0.07668746327784608,2.0000000000000053,0.0,6.106226635438361e-16,3.608224830031759e-16,0.05,0.26,False,1.0,70,68,138,2021-02-28,0.04,3.3333333333333335e-05,2021-02-28,0.026091474971999817,0.0033666666666666667,-0.02889580003383293,,-0.025562466700499553,0.0,0.001005603958344297,0.00048201701271639234,1.159743188795478,-0.027050087671560284,
2021-03-31,0.08770289717407569,0.0702041500000004,0.01749874717407528,2.0000000000000053,-2.7755575615628914e-17,-3.95516952522712e-16,6.938893903907228e-16,0.05,0.245,False,1.0,68,70,138,2021-03-31,0.03,2.4999999999999998e-05,2021-03-31,0.04243863400810777,0.0033583333333333334,0.08436956384074236,,0.0,0.0,0.0013188645960773551,0.0004585715009874135,1.5848975552546207,0.08592546107701092,
2021-04-30,0.038196352347383056,0.04648430831378433,-0.008287955966401264,2.000000000000005,-5.551115123125783e-17,5.828670879282072e-16,-2.7755575615628914e-17,0.05,0.26,False,1.0,69,69,138,2021-04-30,0.02,1.6666666666666667e-05,2021-04-30,0.05242531255584737,0.00335,0.03486301901404972,,0.0,0.0,0.0010106228457404758,0.00047823191012878074,1.234055627160457,0.0367074975915138,
2021-05-31,0.0594871292559246,0.025105462816524968,0.034381666439399626,2.0000000000000053,0.0,2.220446049250313e-16,2.7755575615628914e-16,0.05,0.2813171595970506,False,1.0,69,69,138,2021-05-31,0.02,1.6666666666666667e-05,2021-05-31,0.005486502581813157,0.00335,0.05615379592259127,,0.0,0.0,0.001348655469871953,0.0004535310744058893,1.549488365800378,0.05768494271164676,
2021-06-30,-0.08344184630763389,0.001880023489918587,-0.08532186979755246,2.0000000000000053,2.7755575615628914e-17,-4.3021142204224816e-16,-3.0531133177191805e-16,0.05000000000000002,0.26727144463203,False,1.0,70,69,139,2021-06-30,0.04,3.3333333333333335e-05,2021-06-30,0.02221397632316946,0.0033666666666666667,-0.08677517964096722,,-0.08344184630763385,0.0,0.0011262097926532893,0.00046000000000000164,1.3518830820415513,-0.08502805610028719,
2021-07-31,0.09239816837956027,0.03275367245151038,0.05964449592804992,2.000000000000005,0.0,-5.828670879282072e-16,-7.494005416219807e-16,0.05,0.23000000000000004,False,1.0,70,69,139,2021-07-31,0.05,4.1666666666666665e-05,2021-07-31,0.02274810936591054,0.0033750000000000004,0.08906483504622695,,0.0,0.0,0.0007467366559706892,0.00045062500000000164,0.9251207609596142,0.09120080672358959,
2021-08-31,0.023506732412649306,0.03880048771246362,-0.015293755299814313,2.0000000000000053,0.0,-1.1102230246251565e-16,-3.3306690738754696e-16,0.05,0.245,False,1.0,70,68,138,2021-08-31,0.05,4.1666666666666665e-05,2021-08-31,0.028990321391681118,0.0033750000000000004,0.020173399079315972,,0.0,0.0,0.0011849332095460515,0.00044677581042755455,1.4407384781777977,0.021875023392675698,
2021-09-30,0.00908271688882209,-0.04210779821967975,0.05119051510850184,2.000000000000005,0.0,-6.106226635438361e-16,3.3306690738754696e-16,0.05,0.2625689971454848,False,1.0,69,69,138,2021-09-30,0.04,3.3333333333333335e-05,2021-09-30,-0.047569140421166334,0.0033666666666666667,0.005749383555488756,,0.0,-0.047569140421166445,0.0012390248889040303,0.00044500000000000155,1.5041317114980448,0.007398691999918058,
2021-10-31,0.01884887811801142,0.052901859146837024,-0.034052981028825605,2.0000000000000044,0.0,6.661338147750939e-16,5.551115123125783e-16,0.05,0.26433313802015557,False,1.0,70,70,140,2021-10-31,0.05,4.1666666666666665e-05,2021-10-31,0.06914387330123462,0.0033750000000000004,0.015515544784678086,,0.0,0.0,0.0008959190534871956,0.0004600000000000016,1.0893874788869724,0.01749295906452422,
2021-11-30,0.06952115625732679,-0.008292131324502398,0.07781328758182918,2.000000000000005,0.0,2.7755575615628914e-16,2.220446049250313e-16,0.05,0.28,False,1.0,70,69,139,2021-11-30,0.05,4.1666666666666665e-05,2021-11-30,-0.00833373141847149,0.0033750000000000004,0.06618782292399346,,0.0,-0.00833373141847149,0.0012774655547390602,0.0004543750000000016,1.564670605856639,0.06778931570258771,
2021-12-31,0.08418650975770568,0.057093040608678806,0.027093469149026883,2.000000000000005,0.0,-6.106226635438361e-16,2.220446049250313e-16,0.05,0.245,False,1.0,68,69,137,2021-12-31,0.06,4.9999999999999996e-05,2021-12-31,0.04361287497262989,0.0033833333333333337,0.08085317642437236,0.2014328889721809,0.0,0.0,0.0014966649978468487,0.00047295131230350596,1.8248852364421764,0.08221689344755533,0.20442887487904016
2022-01-31,0.0804065850426627,-0.06076966758497411,0.14117625262763678,2.0000000000000053,-5.551115123125783e-17,1.1102230246251565e-16,-3.3306690738754696e-16,0.05,0.24236236240752748,False,1.0,70,68,138,2022-01-31,0.15,0.000125,2022-01-31,-0.05258508910699977,0.0034583333333333337,0.07707325170932937,-0.11056078431171781,0.0,-0.05258508910699977,0.0007726640082253831,0.0004553679829228737,0.9493315945736257,0.07917855305151443,-0.11117678982329708
2022-02-28,-0.01285017478442035,-0.0012843535793752878,-0.011565821205045065,2.000000000000005,-5.551115123125783e-17,0.0,-7.771561172376096e-16,0.05,0.25,False,1.0,70,68,138,2022-02-28,0.33,0.000275,2022-02-28,-0.03136052086678265,0.0036083333333333336,-0.016183508117753685,0.08022516628142468,-0.012850174784420298,-0.08229651418956074,0.0007869013278782161,0.0004522944321104346,0.9947683154495222,-0.014089370544409001,0.07875434969634955
2022-03-31,0.009069441958662055,0.02293364813155748,-0.013864206172895428,2.000000000000005,5.551115123125783e-17,-3.3306690738754696e-16,-1.1102230246251565e-16,0.05,0.2779521298947408,False,1.0,70,69,139,2022-03-31,0.44,0.00036666666666666667,2022-03-31,0.03577323877328009,0.0037,0.005736108625328721,-0.047787955888539964,-0.0038972767401243003,-0.04946728826859237,0.001522135612160629,0.00046106566342879804,1.8519309506992419,0.007086240683072629,-0.04948823768338098
2022-04-30,0.10368809933776363,-0.04479109748518692,0.14847919682295052,2.0000000000000053,0.0,6.661338147750939e-16,5.551115123125783e-17,0.05,0.2475,False,1.0,70,68,138,2022-04-30,0.76,0.0006333333333333333,2022-04-30,-0.08795671914903935,0.003966666666666667,0.1003547660044303,-0.3126338823525106,0.0,-0.13307302703632662,0.000876385415016718,0.0004937500000000006,1.1204609343044634,0.1023179639227469,-0.31480532456590743
2022-05-31,0.08636234351936412,0.029164408519363964,0.05719793500000015,2.0000000000000053,0.0,-5.551115123125783e-17,-1.1102230246251565e-16,0.05,0.24197930752537103,False,1.0,69,68,137,2022-05-31,0.98,0.0008166666666666666,2022-05-31,5.324388360872234e-05,0.00415,0.08302901018603079,-0.31890510560400204,0.0,-0.1330268684774809,0.0011035712244994184,0.0004975000000000007,1.4027600415496124,0.0847612722948647,-0.32101834486324415
2022-06-30,-0.0370713895799765,-0.11699225500000053,0.07992086542002402,2.0000000000000053,-2.7755575615628914e-17,-1.6653345369377348e-16,2.220446049250313e-16,0.05,0.25066970876644856,False,1.0,68,69,137,2022-06-30,1.49,0.0012416666666666667,2022-06-30,-0.08391999322386645,0.004575,-0.040404722913309835,0.07435101124321838,-0.037071389579976466,-0.20578324780012514,0.0011436410243127453,0.00047886767230181037,1.4007555729324688,-0.03869389827659106,0.07287697108003849
2022-07-31,0.007039963633603638,0.12100513863360364,-0.11396517500000002,1.9999999999999998,0.0,1.1102230246251565e-16,1.887379141862766e-15,0.05,0.26402596223362423,False,1.0,69,68,137,2022-07-31,2.23,0.0018583333333333334,2022-07-31,0.09111634763220589,0.005191666666666667,0.0037066303002703045,-0.0676335292340347,-0.030292407180863012,-0.1334171181113598,0.0010381503878910297,0.00050875,1.2332290559464671,0.0054930632457126085,-0.06902127414841812
2022-08-31,-0.0762796850933212,-0.0523532950933212,-0.023926390000000006,1.9999999999999998,5.551115123125783e-17,-1.0547118733938987e-15,-1.1657341758564144e-15,0.05,0.25,False,1.0,70,68,138,2022-08-31,2.63,0.002191666666666667,2022-08-31,-0.04244011921681046,0.005525,-0.07961301842665452,0.049235616724156786,-0.1042613969937094,-0.17019499892996082,0.0015543603418543446,0.00048625,1.8190884836336039,-0.07832029543517553,0.048323750454572746
2022-09-30,0.027404811482739447,-0.08980267178064129,0.11720748326338072,2.000000000000005,0.0,3.3306690738754696e-16,-3.885780586188048e-16,0.05,0.19,False,1.0,70,69,139,2022-09-30,3.13,0.0026083333333333336,2022-09-30,-0.09339570164348932,0.005941666666666667,0.024071478149406113,0.02991683186830569,-0.07971384944050952,-0.24769521923217352,0.0015907032136176942,0.00048211212264276057,1.899917973954818,0.02533199614647899,0.02993165526637467
2022-10-31,0.06352906254234042,0.1419895463301413,-0.07846048378780092,2.000000000000005,5.551115123125783e-17,-1.6653345369377348e-16,-5.551115123125783e-17,0.05,0.2025,False,1.0,70,68,138,2022-10-31,3.72,0.0031000000000000003,2022-10-31,0.07986345457689326,0.006433333333333334,0.060195729209007086,0.11690242573669758,-0.021248933024766048,-0.18761356054534262,0.000984459698933909,0.0004640079659371427,1.1736475206541896,0.06208059487746937,0.11678042361382437
2022-11-30,0.0208213534321523,0.06967540350047208,-0.04885405006831978,2.000000000000005,2.7755575615628914e-17,0.0,5.551115123125783e-17,0.05,0.20500000000000002,False,1.0,71,68,139,2022-11-30,4.15,0.0034583333333333337,2022-11-30,0.053752860293699856,0.006791666666666667,0.017488020098818967,0.0919917949807516,-0.0008700111371786612,-0.14394546576084022,0.001232805857950992,0.0004640336735002353,1.5057144973073027,0.019124513900701075,0.09182850074208201
2022-12-31,0.004770686161353701,-0.060878224113647,0.06564891027500071,2.000000000000005,0.0,5.551115123125783e-17,0.0,0.05,0.2104445943450825,False,1.0,69,69,138,2022-12-31,4.25,0.003541666666666667,2022-12-31,-0.058971449299161094,0.006875000000000001,0.0014373528280203674,0.047432040856776034,0.0,-0.19442824232404177,0.0014503125892344612,0.0004917718774202931,1.7435116525407517,0.002828601694698947,0.04794371137855431
2023-01-31,-0.014541481406942686,0.10618231845243435,-0.12072379985937703,2.000000000000005,0.0,-9.43689570931383e-16,2.220446049250313e-16,0.05,0.20311289363574575,False,1.0,70,70,140,2023-01-31,4.54,0.0037833333333333334,2023-01-31,0.06175283240005203,0.007116666666666667,-0.01787481474027602,0.045293994365788647,-0.014541481406942669,-0.144681904586063,0.0008533098392607259,0.00048391140735382744,1.0354972844014192,-0.015878702653557238,0.04653787083323068
2023-02-28,0.019330234636329942,-0.008644065893476102,0.027974300529806047,2.000000000000005,5.551115123125783e-17,-3.3306690738754696e-16,-1.942890293094024e-16,0.05,0.2,False,1.0,70,69,139,2023-02-28,4.65,0.0038750000000000004,2023-02-28,-0.026112446646715304,0.007208333333333334,0.015996901302996608,0.030775402736954147,0.0,-0.16701635271852955,0.0010450676597560582,0.00047725964101878873,1.3529990747532468,0.017807907335555095,0.032154947425610335
2023-03-31,-0.01676498662762676,-0.02658143309038494,0.00981644646275818,2.0000000000000053,0.0,5.828670879282072e-16,1.6653345369377348e-16,0.05,0.18193495179784205,False,1.0,70,68,138,2023-03-31,4.69,0.003908333333333334,2023-03-31,0.03505157235872702,0.007241666666666667,-0.020098319960960093,0.011619226342280827,-0.01676498662762671,-0.1378189661322068,0.0016898333798387741,0.00047129179579014725,1.9982333628993278,-0.01892611180325568,0.012895109564903941
2023-04-30,0.007970980112538151,0.004122193139031038,0.0038487869735071185,2.0000000000000044,2.7755575615628914e-17,4.440892098500626e-16,-2.7755575615628914e-17,0.05,0.195,False,1.0,70,69,139,2023-04-30,4.92,0.0041,2023-04-30,0.01464236088297044,0.0074333333333333335,0.0046376467792048175,0.18780163386177834,-0.008927639890084382,-0.1251946002878619,0.0011939793424133442,0.0004819437970313536,1.4251458572007225,0.006295056973093454,0.18993573247558246
2023-05-31,0.018706657814604094,-0.0044182890927846035,0.023124946907388706,2.0000000000000053,0.0,5.551115123125783e-16,2.220446049250313e-16,0.05,0.21789167951937205,False,1.0,69,68,137,2023-05-31,5.14,0.004283333333333333,2023-05-31,0.002482323934879238,0.007616666666666666,0.01537332448127076,0.18817778447061131,0.0,-0.12302304990579493,0.0012090050718956437,0.00048437500000000157,1.4602725861655341,0.017013277742708447,0.19031198144697123
2023-06-30,0.03781303679498996,0.09733941253725682,-0.05952637574226686,2.000000000000005,5.551115123125783e-17,2.7755575615628914e-16,-2.498001805406602e-16,0.05,0.195,False,1.0,69,70,139,2023-06-30,5.16,0.0043,2023-06-30,0.0647275128414313,0.007633333333333334,0.03447970346165662,0.16072725062768686,0.0,-0.06625851310693298,0.0015965756168940476,0.0004993750000000016,1.854353137745179,0.03571708617809591,0.16296098803607126
2023-07-31,0.0228235743916412,0.045400916205274595,-0.022577341813633404,2.0000000000000053,0.0,1.6653345369377348e-16,-8.326672684688674e-17,0.05,0.23854162430906983,False,1.0,69,70,139,2023-07-31,5.25,0.0043749999999999995,2023-07-31,0.031138913980379268,0.007708333333333333,0.019490241058307867,0.20286564848747932,0.0,-0.0371828172666584,0.001113626865515794,0.0005250781091159019,1.2951384008612603,0.021184869417009505,0.20503429951952915
2023-08-31,0.05146052496857597,-0.019032739999999836,0.07049326496857582,2.000000000000005,-2.7755575615628914e-17,3.3306690738754696e-16,7.216449660063518e-16,0.05,0.20500000000000002,False,1.0,69,68,137,2023-08-31,5.3,0.004416666666666667,2023-08-31,-0.01771643248143373,0.00775,0.048127191635242636,0.02588804484384779,0.0,-0.05424050287651794,0.001185916120478154,0.0004975000000000016,1.3821951931200736,0.04977710884809781,0.027640289676625688
2023-09-30,0.04169068098087307,-0.0488665300000001,0.09055721098087317,2.0000000000000053,0.0,-1.1102230246251565e-16,-4.163336342344337e-16,0.05,0.2,False,1.0,69,68,137,2023-09-30,5.32,0.004433333333333333,2023-09-30,-0.04871929116215501,0.0077666666666666665,0.03835734764753974,0.007365877597294992,0.0,-0.10031723518625024,0.0016891693922300754,0.0005084935389144963,1.9630463516160683,0.039493018049728504,0.00941143858489642
2023-10-31,0.024004684832144657,-0.06652387863128766,0.09052856346343231,2.000000000000005,2.7755575615628914e-17,-2.7755575615628914e-16,4.996003610813204e-16,0.05,0.20500000000000002,False,1.0,69,71,140,2023-10-31,5.34,0.00445,2023-10-31,-0.021979687736850106,0.007783333333333333,0.020671351498811323,-0.1491569212942137,0.0,-0.1200919814190824,0.001224591276129668,0.0005021582137153182,1.4126895290191217,0.02227793534229967,-0.14792273807431597
2023-11-30,0.008477128958120502,0.09216509413404478,-0.08368796517592428,2.0000000000000053,-2.7755575615628914e-17,2.7755575615628914e-16,4.718447854656915e-16,0.05,0.20500000000000002,False,1.0,68,69,137,2023-11-30,5.27,0.004391666666666666,2023-11-30,0.08917926462873771,0.007724999999999999,0.005143795624787168,-0.15871095757717016,0.0,-0.04162243138110644,0.0011568401346557246,0.000511611423476777,1.4176582495509853,0.006808677399988,-0.15748528321744945
2023-12-31,-0.042806031472456194,0.08803163371772764,-0.13083766519018383,2.000000000000005,-1.3877787807814457e-17,1.3877787807814457e-17,-3.0531133177191805e-16,0.05,0.2256509867728438,False,1.0,68,70,138,2023-12-31,5.24,0.004366666666666667,2023-12-31,0.04422916940321375,0.0077,-0.04613936480578953,-0.31825691799117223,-0.04280603147245621,0.0,0.0016345023048099942,0.0004937500000000016,1.9067378766798968,-0.04493428377726619,-0.31783192998877974
2024-01-31,0.030033655639492056,-0.01783268936050811,0.047866345000000164,2.000000000000005,6.938893903907228e-18,-7.632783294297951e-17,-2.7755575615628914e-16,0.05,0.25,False,1.0,69,69,138,2024-01-31,5.22,0.00435,2024-01-31,0.015895744712075555,0.007683333333333334,0.026700322306158722,-0.2808581708183307,-0.014057997441501269,0.0,0.0009116023157788224,0.0005068750000000016,1.1329987411917128,0.02861517832371323,-0.2815767851875615
2024-02-29,0.023004999935111924,0.05697869642627602,-0.0339736964911641,2.000000000000005,0.0,-2.0816681711721685e-16,9.71445146547012e-16,0.05,0.26,False,1.0,71,68,139,2024-02-29,5.24,0.004366666666666667,2024-02-29,0.05172061539731532,0.0077,0.01967166660177859,-0.27736663584389487,0.0,0.0,0.0009831549850120205,0.00048437500000000157,1.2328220161152437,0.0215374699500999,-0.2767561129144537
2024-03-31,-0.008263036146326015,0.033323929312809634,-0.04158696545913565,2.000000000000005,-5.551115123125783e-17,-1.1102230246251565e-16,0.0,0.05,0.29500000000000004,False,1.0,69,69,138,2024-03-31,5.24,0.004366666666666667,2024-03-31,0.031018764704381807,0.0077,-0.01159636947965935,-0.2652070565529567,-0.008263036146326064,0.0,0.001584547637050211,0.0004881250000000016,1.9342053592301942,-0.010335708783376227,-0.26444525754295467
2024-04-30,-0.025932075601175913,-0.07524946060117592,0.049317385000000005,2.0,0.0,0.0,-2.0539125955565396e-15,0.05,0.265,False,1.0,70,68,138,2024-04-30,5.24,0.004366666666666667,2024-04-30,-0.04161504277408257,0.0077,-0.029265408934509247,-0.09432681432030506,-0.033980834069460064,-0.04161504277408257,0.0011662810106131292,0.00048812499999999995,1.4463104656131294,-0.027586481611789043,-0.09407292098195168
2024-05-31,-0.00118889536080251,0.04947823463919755,-0.05066713000000006,2.000000000000005,0.0,2.7755575615628914e-16,-2.7755575615628914e-16,0.05,0.25500000000000256,False,1.0,69,68,137,2024-05-31,5.25,0.0043749999999999995,2024-05-31,0.04802122449952262,0.007708333333333333,-0.004522228694135844,-0.10972718791151738,-0.03512932977428107,0.0,0.0009933211610486906,0.0004843750000000006,1.2107056555814173,-0.002666591521851201,-0.10899834310601786
2024-06-30,0.026672845139069406,-0.0049019935541067435,0.03157483869317614,2.000000000000005,-2.7755575615628914e-17,-8.881784197001252e-16,0.0,0.05,0.25,False,1.0,69,69,138,2024-06-30,5.24,0.004366666666666667,2024-06-30,0.034669759034089864,0.0077,0.023339511805736072,-0.16784697530529966,-0.00939348380812044,0.0,0.0015029007724678717,0.0004956553884579432,1.7394790750822753,0.02467428897814359,-0.16645476390968825
2024-07-31,0.020329150576926372,0.06685946819804256,-0.046530317621116174,2.0000000000000053,0.0,-6.938893903907228e-17,8.743006318923108e-16,0.05,0.26,False,1.0,70,68,138,2024-07-31,5.2,0.004333333333333334,2024-07-31,0.011321349038912354,0.007666666666666667,0.016995817243593038,-0.17928422981310219,0.0,0.0,0.0012041803910600771,0.0004994238925687639,1.37429963156191,0.018625546293297532,-0.17798975036455192
2024-08-31,0.03925381394950194,0.019604615389059186,0.019649198560442754,2.000000000000005,2.7755575615628914e-17,-1.6653345369377348e-16,-5.551115123125783e-17,0.05,0.245,False,1.0,68,69,137,2024-08-31,5.05,0.004208333333333333,2024-08-31,0.022834688445031892,0.007541666666666667,0.03592048061616861,-0.104876626687453,0.0,0.0,0.0013928679703650163,0.0005406250000000016,1.6496918585254425,0.03732032097913692,-0.10334792962020813
2024-09-30,-0.008969641447129008,0.031245225613842742,-0.04021486706097174,2.000000000000005,-5.551115123125783e-17,2.220446049250313e-16,-7.216449660063518e-16,0.05,0.26000000000000256,False,1.0,68,69,137,2024-09-30,4.72,0.003933333333333333,2024-09-30,0.020196869910062976,0.007266666666666666,-0.012302974780462342,0.03762723495121655,-0.008969641447128973,0.0,0.0013848812864748303,0.0005143750000000016,1.623892643840267,-0.01086889773360384,0.03742521663439664
2024-10-31,-0.018467487249314872,-0.021682908296369593,0.003215421047054726,2.000000000000005,-2.7755575615628914e-17,-5.551115123125783e-17,2.7755575615628914e-17,0.05,0.28196914587048605,False,1.0,69,69,138,2024-10-31,4.51,0.0037583333333333336,2024-10-31,-0.009896780552817508,0.007091666666666667,-0.021800820582648206,0.1892718411282623,-0.027271481957388044,-0.009896780552817508,0.0009210864627270028,0.0005087500000000016,1.0999470051079305,-0.01989732371204188,0.18818311429410112
2024-11-30,-0.03906907887014435,0.07224095362093495,-0.11131003249107928,2.0000000000000053,0.0,3.0531133177191805e-16,-2.220446049250313e-16,0.05,0.2888392534615534,False,1.0,69,68,137,2024-11-30,4.42,0.003683333333333333,2024-11-30,0.057301352215863854,0.007016666666666667,-0.042402412203477687,0.05146210957647454,-0.06527508914803348,0.0,0.00136330669732338,0.0004951581680522746,1.6684908165130596,-0.04092754373552001,0.04900926721130124
2024-12-31,0.019079121401339067,-0.07212759511048185,0.0912067165118209,2.0000000000000053,0.0,4.718447854656915e-16,8.326672684688674e-16,0.05,0.2963983618276061,False,1.0,70,68,138,2024-12-31,4.27,0.003558333333333333,2024-12-31,-0.024990136563014964,0.006891666666666667,0.015745788068005733,0.07025824309175323,-0.047441359097033065,-0.024990136563014964,0.0013802274871664564,0.0004882287951108604,1.668496075246881,0.01721066511906175,0.06959527810326302
2025-01-31,0.005286536759332348,0.05533735784110974,-0.05005082108177738,2.000000000000005,0.0,-1.942890293094024e-16,4.440892098500626e-16,0.05,0.275,False,1.0,70,70,140,2025-01-31,4.21,0.0035083333333333334,2025-01-31,0.027016320305765618,0.006841666666666667,0.001953203425999015,0.07846188358139947,-0.04240562282647986,0.0,0.0010817030025628788,0.0004955910655180696,1.3057237363876715,0.0037092426912514005,0.07803457185346195
2025-02-28,-0.012116994727389786,-0.04940551184800971,0.03728851712061991,2.0000000000000053,5.551115123125783e-17,-3.885780586188048e-16,1.1102230246251565e-16,0.05,0.2943362315090363,False,1.0,69,69,138,2025-02-28,4.22,0.003516666666666666,2025-02-28,-0.014242127760312417,0.00685,-0.01545032806072312,0.04411669897823564,-0.05400878884566951,-0.014242127760312306,0.0011743233570020721,0.0005109225171603554,1.3815236340338872,-0.013802240601552213,0.04245737271390033
2025-03-31,0.026052041160047376,-0.04054233691713175,0.06659437807717912,2.000000000000005,0.0,-6.661338147750939e-16,-2.7755575615628914e-16,0.05,0.2394267527052792,False,1.0,70,69,139,2025-03-31,4.2,0.0035,2025-03-31,-0.05754471408178685,0.006833333333333334,0.022718707826714042,-0.07343402068754573,-0.0293637868756339,-0.07096728267221575,0.0015938396324773154,0.0005237500000000016,1.9198169754577914,0.02393445152757006,-0.07247621862884336
2025-04-30,-0.044242797454287025,-0.03470622057613744,-0.00953657687814959,2.0000000000000053,0.0,4.163336342344337e-16,1.1102230246251565e-16,0.05,0.19497202025990823,False,1.0,70,68,138,2025-04-30,4.21,0.0035083333333333334,2025-04-30,-0.007624936518260461,0.006841666666666667,-0.04757613078762036,-0.14662997444824186,-0.07230744825469149,-0.07805109816522704,0.0010551798688262194,0.0005055807173322339,1.2937789416798637,-0.04580355804044548,-0.14528525850255467
2025-05-31,0.025025935562959463,0.06221727686833514,-0.03719134130537569,2.0000000000000053,0.0,3.3306690738754696e-16,-4.718447854656915e-16,0.05,0.23000000000000004,False,1.0,70,69,139,2025-05-31,4.25,0.003541666666666667,2025-05-31,0.06152384783069298,0.006875000000000001,0.02169260222962613,-0.03078144620682791,-0.04909107423247605,-0.021329254221070015,0.0011738858798654328,0.0005213928250697767,1.4135871157896527,0.023330656858024254,-0.03012244472159487
2025-06-30,-0.050110539362118234,0.03285169063788246,-0.08296223000000068,2.000000000000005,0.0,1.6653345369377348e-16,-1.1102230246251565e-16,0.05,0.23000000000000004,False,1.0,69,68,137,2025-06-30,4.23,0.0035250000000000004,2025-06-30,0.04960679602617879,0.006858333333333334,-0.05344387269545157,-0.21270659216458676,-0.09674163338693897,0.0,0.0014934213850997726,0.0005050000000000015,1.756978095391321,-0.052108960747218006,-0.2123419352261997
2025-07-31,-0.0455185192116611,0.006189608444945005,-0.051708127656606095,2.0000000000000053,0.0,-8.326672684688674e-17,2.498001805406602e-16,0.05,0.245,False,1.0,69,68,137,2025-07-31,4.25,0.003541666666666667,2025-07-31,0.021666572655702376,0.006875000000000001,-0.04885185254499443,-0.23746677101018585,-0.13785661670070926,0.0,0.0009791595703190965,0.0005068750000000016,1.1830987178190964,-0.0470045537819802,-0.23689881691466022
2025-08-31,0.006952401193890427,0.06290760232879296,-0.05595520113490253,2.0000000000000053,0.0,2.7755575615628914e-16,0.0,0.05,0.20500000000000002,False,1.0,69,69,138,2025-08-31,4.12,0.0034333333333333334,2025-08-31,0.01906650324400294,0.006766666666666667,0.003619067860557093,-0.2654188651747534,-0.1318626500133545,0.0,0.0013635561700788604,0.00047500000000000065,1.6396160059460598,0.005113845023811565,-0.2647621238349961
2025-09-30,-0.034888033311702905,0.014909801782168138,-0.04979783509387105,2.0000000000000053,0.0,2.220446049250313e-16,-1.1102230246251565e-16,0.05,0.246166521676566,False,1.0,69,68,137,2025-09-30,3.92,0.0032666666666666664,2025-09-30,0.03532365570425955,0.0066,-0.03822136664503624,-0.2940507975296751,-0.16215025479882206,0.0,0.0014741339620876618,0.0004904374456287129,1.7964992568168325,-0.03685260471941928,-0.2936767574799114
2025-10-31,-0.09918298375819415,-0.017443368222860276,-0.08173961553533388,2.000000000000005,0.0,-3.3306690738754696e-16,-3.3306690738754696e-16,0.05,0.28095282956506107,False,1.0,70,69,139,2025-10-31,3.82,0.003183333333333333,2025-10-31,0.022686836730727133,0.006516666666666667,-0.10251631709152748,-0.3581013012640637,-0.24525069246891762,0.0,0.001132579136725178,0.00046620417534265344,1.3567733108453515,-0.10078176707026198,-0.3570277880063699
2025-11-30,0.04345320607580799,0.016505357063688754,0.026947849012119236,2.0000000000000053,0.0,-6.661338147750939e-16,-2.220446049250313e-16,0.05,0.28,False,1.0,68,68,136,2025-11-30,3.78,0.00315,2025-11-30,0.001299669600304032,0.006483333333333334,0.04011987274247466,-0.38854516251642257,-0.21245441527319608,0.0,0.0012447534739234505,0.0004825000000000016,1.5396131866684784,0.04172595260188454,-0.387024332428618
2025-12-31,0.04714767430768879,-0.0002340100000001544,0.04738168430768895,2.0000000000000053,0.0,-2.220446049250313e-16,-5.273559366969494e-16,0.05,0.275,False,1.0,68,69,137,2025-12-31,3.59,0.0029916666666666668,2025-12-31,-0.0005241572238063874,0.006325000000000001,0.04381434097435546,-0.3925377372227853,-0.1753234725420384,-0.0005241572238063874,0.0013101274085865334,0.0004880572866135746,1.5285414331017695,0.045349489612488685,-0.39117682892881595
2026-01-31,-0.0010932328080957205,0.014675277598047435,-0.01576851040614316,2.0000000000000053,-5.551115123125783e-17,-3.885780586188048e-16,-4.163336342344337e-16,0.05,0.29000000000000004,False,1.0,69,68,137,2026-01-31,3.57,0.0029749999999999998,2026-01-31,0.013662990285588927,0.006308333333333333,-0.004426566141429054,-0.420218807137008,-0.17622503597792183,0.0,0.0008496615260099876,0.0004712500000000016,1.0625437868515015,-0.0024141443341057097,-0.41899527405401454
2026-02-28,0.008223787395939784,0.00908384939857346,-0.000860062002633683,2.0000000000000053,0.0,-1.1102230246251565e-16,2.220446049250313e-16,0.05,0.29500000000000004,False,1.0,69,70,139,2026-02-28,3.6,0.0030000000000000005,2026-02-28,-0.008668358545790955,0.006333333333333334,0.00489045406260645,-0.47231242713240235,-0.1694504858117062,-0.008668358545790955,0.0009682812571637294,0.0004618750000000016,1.2723591792292948,0.006793631138776054,-0.4715331886666099
2026-03-31,0.03489906430790482,-0.04299991701162974,0.07789898131953457,2.0000000000000053,2.7755575615628914e-17,-3.885780586188048e-16,-2.7755575615628914e-17,0.05000000000000267,0.235,False,1.0,71,69,140,2026-03-31,3.61,0.0030083333333333333,2026-03-31,-0.0509327099760426,0.006341666666666667,0.031565730974571486,-0.551313643531732,-0.14046508490514986,-0.059159565530052305,0.0016612315793090257,0.0004975000000000016,2.0256666456879344,0.03274033272859579,-0.550484428218251
2026-04-30,-0.03787215780518907,0.05844195022302224,-0.09631410802821132,2.000000000000005,0.0,-1.1102230246251565e-16,-1.1102230246251565e-16,0.05,0.35000000000000003,False,1.0,70,69,139,2026-04-30,3.61,0.0030083333333333333,2026-04-30,0.10423342503354505,0.006341666666666667,-0.041205491138522406,-0.5295672388025805,-0.17301752684869176,0.0,0.0012294572161560121,0.0005385352975185978,1.423067354987591,-0.039640150318863684,-0.5290647921189381
2026-05-31,0.006530958258456848,0.023937080124576477,-0.017406121866119617,2.000000000000005,0.0,-1.3877787807814457e-16,6.106226635438361e-16,0.05,0.275,False,1.0,69,68,137,2026-05-31,3.6,0.0030000000000000005,2026-05-31,0.05147031284462078,0.006333333333333334,0.0031976249251235143,-0.6068856155228814,-0.1676165388360651,0.0,0.0012286399633176035,0.0004918750000000006,1.4878024323820878,0.004810443295139244,-0.606432478319756
2026-06-30,0.07017778156196305,0.025110897150312568,0.04506688441165049,2.0000000000000053,2.7755575615628914e-17,-7.771561172376096e-16,3.885780586188048e-16,0.05,0.275,False,1.0,69,67,136,2026-06-30,3.66,0.00305,2026-06-30,-0.010646353722793878,0.006383333333333334,0.06684444822862973,-0.6633981607543916,-0.10920171412271162,-0.010646353722793878,0.0013644719652899364,0.00047875000000000164,1.738615238693541,0.06833455959667312,-0.6622096881600718
2026-07-31,0.12306587410043907,0.01791508016173491,0.1051507939387041,2.0000000000000053,0.0,-5.551115123125783e-16,-9.43689570931383e-16,0.05,0.3499999999999997,False,1.0,69,69,138,2026-07-31,3.73,0.003108333333333333,2026-07-31,-0.001285443024471311,0.006441666666666667,0.11973254076710574,-0.7567121458110073,0.0,-0.011918111466136194,0.0010738252966396855,0.0005106250000000006,1.3465395408385383,0.12148142380379938,-0.7557749637351022
2026-08-31,-0.042557481241468874,0.0074311262588238475,-0.049988607500292714,2.0000000000000053,-5.551115123125783e-17,2.7755575615628914e-16,1.6653345369377348e-16,0.05,0.29500000000000004,False,1.0,68,70,138,2026-08-31,3.72,0.0031000000000000003,2026-08-31,0.0262252794496991,0.006433333333333334,-0.04589081457480221,-0.7882800436668103,-0.042557481241468964,0.0,0.0013382279128505501,0.0005087500000000016,1.676731669990508,-0.044404459154319426,-0.7874057562587292
